"","AllNICrimeData.Month","AllNICrimeData.Longitude","AllNICrimeData.Latitude","AllNICrimeData.Location","AllNICrimeData.Crime.type","Postcode"
"388460","2017-06",-5.891343,54.2222,"BURRENDALE PARK ROAD","Anti-social behaviour","BT330JE"
"363898","2017-04",-5.937245,54.610017,"ST JAMES MEWS","Criminal damage and arson","BT146DL"
"413266","2017-08",-5.91735,54.575237,"WHITEHALL GARDENS","Anti-social behaviour","BT73GW"
"463003","2017-11",-6.508753,55.071505,"KNOCKLAYDE PARK","Violence and sexual offences","BT513HW"
"382469","2017-05",-6.343742,54.465298,"ELMWOOD TERRACE","Violence and sexual offences","BT489JQ"
"217030","2016-05",-5.636965,54.65701,"CHIPPENDALE PARK","Anti-social behaviour","BT204PU"
"9096","2015-01",-6.606774,54.752843,"QUEENS AVENUE","Violence and sexual offences","BT536DF"
"327050","2017-01",-7.394355,54.57898,"CROCKNAGEERAGH ROAD","Other theft","BT785DB"
"356200","2017-03",-6.67149,54.68992,"BRIDGER STREET","Violence and sexual offences","BT457PP"
"176359","2016-02",-7.269485,54.595835,"RIVERVIEW ROAD","Anti-social behaviour","BT790PU"
"284461","2016-10",-6.517485,55.068647,"CASTLE STREET","Anti-social behaviour","BT210DN"
"178532","2016-02",-5.906516,54.684784,"HOLLYBANK WAY","Burglary","BT370HQ"
"46564","2015-04",-5.92717,54.65716,"LONGLANDS AVENUE","Other theft","BT367FD"
"10274","2015-01",-6.261073,54.42198,"WINONA CREST","Violence and sexual offences","BT667RN"
"154284","2015-12",-6.666791,55.123366,"MOUNTSANDEL ROAD","Burglary","BT521TA"
"305796","2016-11",-7.263341,55.033407,"TEMPLE ROAD","Violence and sexual offences","BT515BH"
"11420","2015-01",-6.019959,54.572566,"OLD SUFFOLK ROAD","Other crime","BT119PL"
"270632","2016-09",-5.92559,54.585657,"DUDLEY STREET","Anti-social behaviour","BT71GW"
"233285","2016-06",-6.708529,55.173052,"AGHERTON DRIVE","Criminal damage and arson","BT557JQ"
"318373","2016-12",-5.927533,54.599788,"HIGH STREET","Violence and sexual offences","BT189SS"
"284489","2016-10",-6.694091,54.548158,"LISNASTRANE PARK","Anti-social behaviour","BT714PW"
"136704","2015-10",-5.759479,54.397593,"KILLYLEAGH STREET","Violence and sexual offences","BT309DQ"
"353417","2017-03",-5.927272,54.663981,"CLONMORE GREEN","Violence and sexual offences","BT379ED"
"156451","2015-12",-6.741749,54.646057,"MOLESWORTH ROAD","Drugs","BT808NU"
"125796","2015-10",-5.665859,54.661794,"BINGHAM STREET","Anti-social behaviour","BT205DW"
"338705","2017-02",-5.938649,54.621452,"WILLOWBANK GARDENS","Other theft","BT155AJ"
"460093","2017-11",-5.75942,54.395004,"DOWNPATRICK ROAD","Other theft","BT309EH"
"218776","2016-05",-5.926888,54.588734,"WALNUT MEWS","Criminal damage and arson","BT71EZ"
"324004","2017-01",-6.319379,54.749811,"MAIN STREET","Anti-social behaviour","BT536AN"
"448892","2017-10",-5.96233,54.587243,"RODNEY PARADE","Public order","BT126EE"
"405808","2017-07",-6.941214,55.038719,"GLENLEA PARK","Criminal damage and arson","BT42QG"
"472951","2017-12",-5.93264,54.600091,"CHAPEL LANE","Other theft","BT622LU"
"204901","2016-04",-6.66335,54.38079,"LISDONWILLY ROAD","Burglary","BT618DY"
"416769","2017-08",-5.936073,54.599844,"MILLFIELD","Anti-social behaviour","BT436PD"
"83055","2015-07",-6.216598,54.620566,"ORCHARD ROAD","Anti-social behaviour","BT829QT"
"11211","2015-01",-5.901591,54.588765,"ARDENVOHR STREET","Other crime","BT68NB"
"406607","2017-07",-7.364095,54.956005,"EDGEWATER","Other theft","BT275PZ"
"33729","2015-03",-6.03724,54.050861,"DUNNAVAL ROAD","Violence and sexual offences","BT344JT"
"187086","2016-03",-5.911582,54.584302,"RAVENHILL ROAD","Anti-social behaviour","BT68DN"
"248205","2016-07",-5.827603,54.594333,"UPPER NEWTOWNARDS ROAD","Criminal damage and arson","BT43LQ"
"472488","2017-12",-7.302675,54.991941,"GOOD SHEPHERD GLEN","Other theft","BT472AH"
"455821","2017-11",-6.166811,54.237777,"ULSTER AVENUE","Anti-social behaviour","BT179BN"
"4815","2015-01",-6.783568,54.504037,"CLONEEN","Burglary","BT701SY"
"276718","2016-09",-7.308293,54.596396,"DROMORE ROAD RETAIL PARK","Other theft","BT781RE"
"37238","2015-04",-6.460573,54.423008,"HARTFIELD AVENUE","Anti-social behaviour","BT624DF"
"193616","2016-03",-5.672561,54.630788,"GREENWAY","Criminal damage and arson","BT60DT"
"411725","2017-07",-6.651847,54.350439,"THE MALL EAST","Other crime","BT619DL"
"238638","2016-06",-5.922687,54.59497,"FRIENDLY STREET","Violence and sexual offences","BT72HR"
"24805","2015-03",-5.932635,54.591645,"VENTRY STREET","Anti-social behaviour","BT27JP"
"401921","2017-07",-5.896505,54.401802,"WINDMILL STREET","Anti-social behaviour","BT248HB"
"19287","2015-02",-5.815749,54.713614,"MODEL AVENUE","Possession of weapons","BT388BZ"
"110967","2015-09",-7.329066,54.988882,"FOYLE PARK","Anti-social behaviour","BT486XJ"
"329803","2017-01",-5.93162,54.539631,"BALLYCOAN ROAD","Violence and sexual offences","BT88LP"
"236268","2016-06",-5.893711,54.587065,"CASTLEREAGH ROAD","Shoplifting","BT55FF"
"103384","2015-08",-6.755098,54.481314,"MOYGASHEL PARK","Possession of weapons","BT717RL"
"133577","2015-10",-6.347927,54.190288,"LISDRUM AVENUE","Shoplifting","BT356AQ"
"383238","2017-05",-6.27136,54.848033,"DRUMTARA","Violence and sexual offences","BT423DQ"
"215585","2016-05",-7.319935,54.499351,"ASHFIELD GARDENS","Anti-social behaviour","BT153FW"
"172449","2016-01",-5.93543,54.595116,"GLENGALL STREET","Violence and sexual offences","BT125AD"
"389890","2017-06",-5.982361,54.5626,"UPPER LISBURN ROAD","Burglary","BT100AA"
"264945","2016-08",-6.323243,54.474754,"LEVIN ROAD","Vehicle crime","BT679EU"
"285699","2016-10",-6.452185,54.434635,"BALLYORAN PARK","Anti-social behaviour","BT621JW"
"306002","2016-11",-5.82718,54.646413,"SEAPARK ROAD","Violence and sexual offences","BT180LH"
"300186","2016-11",-5.960073,54.683092,"RICHMOND GARDENS","Anti-social behaviour","BT365LA"
"174465","2016-02",-6.060605,54.511571,"TARDREE PLACE","Anti-social behaviour","BT281UW"
"244588","2016-07",-6.34303,54.467651,"ALBERT AVENUE","Anti-social behaviour","BT666JQ"
"221839","2016-05",-5.841545,54.257324,"THE QUAY","Other theft","BT330LS"
"310154","2016-12",-5.95079,54.598612,"CONWAY STREET","Anti-social behaviour","BT274AD"
"22334","2015-02",-7.142642,55.007518,"CRAIGBRACK ROAD","Violence and sexual offences","BT473BB"
"391828","2017-06",-7.303586,54.992521,"GOOD SHEPHERD GLEN","Drugs","BT472AH"
"295329","2016-10",-5.932166,54.590217,"PAKENHAM STREET","Violence and sexual offences","BT71AB"
"207124","2016-04",-5.687802,54.592299,"GEORGES STREET","Drugs","BT781DE"
"18284","2015-02",-6.545128,54.340358,"BAWN MANOR","Other theft","BT601LT"
"171783","2016-01",-5.555391,54.575794,"MAIN STREET","Violence and sexual offences","BT536AN"
"399594","2017-07",-6.022005,54.063595,"FEARON CLOSE","Anti-social behaviour","BT344ER"
"151995","2015-12",-6.011287,54.568668,"HORN DRIVE","Anti-social behaviour","BT119NF"
"14726","2015-02",-5.66182,54.661949,"PROSPECT ROAD","Anti-social behaviour","BT557NF"
"186632","2016-03",-6.549201,54.071956,"KEADY ROAD","Anti-social behaviour","BT603AG"
"55858","2015-05",-5.906112,54.571511,"ROSETTA ROAD","Bicycle theft","BT60LT"
"476586","2017-12",-5.9625,54.559051,"HARBERTON PARK","Violence and sexual offences","BT96TW"
"207070","2016-04",-6.276755,54.863527,"BRIDGE STREET","Drugs","BT440RP"
"304042","2016-11",-5.890546,54.223094,"BRACKEN AVENUE","Public order","BT330HG"
"111620","2015-09",-5.965834,54.674249,"DERRYMORE AVENUE","Anti-social behaviour","BT367AA"
"21904","2015-02",-6.341752,54.176915,"MONAGHAN STREET","Violence and sexual offences","BT356AY"
"36244","2015-03",-6.339799,54.173671,"MILL STREET","Violence and sexual offences","BT784AY"
"220615","2016-05",-5.957446,54.604448,"BATTENBERG STREET","Drugs","BT133AU"
"68280","2015-06",-7.318169,55.009671,"STRAND ROAD","Anti-social behaviour",NA
"286570","2016-10",-7.364852,54.183236,"CAMPHILL PARK","Anti-social behaviour","BT422DH"
"437341","2017-09",-6.017536,54.572131,"GLENTIES DRIVE","Violence and sexual offences","BT119HT"
"469879","2017-12",-6.305607,55.061785,"SCALLY PARK","Anti-social behaviour","BT449JU"
"225727","2016-05",-5.987066,54.597936,"MOYARD PARADE","Violence and sexual offences","BT127HA"
"348766","2017-03",-7.314026,54.378471,"MAIN STREET","Criminal damage and arson","BT536AN"
"142127","2015-11",-5.717142,54.315263,"MALLARD ROAD","Burglary","BT306DY"
"67130","2015-06",-6.006611,54.749132,"HAWTHORN WAY","Anti-social behaviour","BT480GP"
"373643","2017-05",-6.656487,55.132379,"HILLMANS WAY","Anti-social behaviour","BT522ED"
"403052","2017-07",-5.928253,54.591112,"LINDSAY STREET","Anti-social behaviour","BT71AX"
"31517","2015-03",-5.914614,54.595496,"MAYS MEADOW","Other theft","BT13PH"
"286920","2016-10",-5.893548,54.590512,"GROVE STREET EAST","Anti-social behaviour","BT55GG"
"278416","2016-09",-5.940182,54.602142,"GREENLAND STREET","Vehicle crime","BT132EN"
"239851","2016-06",-6.026317,54.517161,"LEAMINGTON PLACE","Violence and sexual offences","BT274UL"
"110621","2015-09",-5.886436,54.595492,"RAVENSCROFT AVENUE","Anti-social behaviour","BT55BA"
"248950","2016-07",-6.187817,54.716578,"STILES FARM","Other theft","BT411LE"
"59194","2015-05",-5.830809,54.459431,"QUEENS PARK NORTH","Other theft","BT247AU"
"282062","2016-10",-5.897034,54.599738,"DEE STREET","Anti-social behaviour","BT41FT"
"982","2015-01",-5.796114,54.598049,"DUNLEADY PARK","Anti-social behaviour","BT161JU"
"276779","2016-09",-5.88711,54.523586,"BARONSCOURT CLOSE","Other theft","BT88RE"
"459534","2017-11",-5.944435,54.600049,"DIVIS STREET","Drugs","BT124AP"
"450573","2017-10",-6.000164,54.065462,"ALEXANDER DRIVE","Violence and sexual offences","BT617JE"
"107963","2015-08",-7.315158,55.023074,"RACECOURSE ROAD","Violence and sexual offences","BT487RB"
"315457","2016-12",-7.72193,54.519235,"CREVENISH PARK","Other theft","BT931RB"
"183259","2016-02",-7.586618,54.726242,"FREUGHLOUGH ROAD","Vehicle crime","BT817JU"
"326423","2017-01",-5.922211,54.641064,"SHORE CRESCENT","Drugs","BT154JR"
"27783","2015-03",-5.928591,54.584756,"CARMEL STREET","Anti-social behaviour","BT71QF"
"146325","2015-11",-5.988067,54.598033,"MOYARD PARADE","Vehicle crime","BT127HA"
"190710","2016-03",-6.217623,54.713193,"RIVERSIDE","Anti-social behaviour","BT414BH"
"450656","2017-10",-5.992062,54.63067,"MILL AVENUE","Violence and sexual offences","BT817NB"
"306642","2016-11",-7.469195,54.827759,"MAIN STREET","Violence and sexual offences","BT536AN"
"393056","2017-06",-6.570124,54.500254,"DERRYLILEAGH ROAD","Other theft","BT621TG"
"84051","2015-07",-6.343204,54.462955,"HAWTHORNE AVENUE","Anti-social behaviour","BT666DU"
"46713","2015-04",-7.351281,54.990808,"RATHLIN GARDENS","Public order","BT489UE"
"260923","2016-08",-5.967558,54.59566,"MICA DRIVE","Criminal damage and arson","BT127NN"
"176672","2016-02",-6.951585,55.047073,"ROE MILL WALK","Anti-social behaviour","BT499BJ"
"33277","2015-03",-5.945343,54.598007,"ALBERT STREET","Vehicle crime","BT401LG"
"276629","2016-09",-5.972367,54.676937,"ANTRIM ROAD","Other theft","BT390AH"
"11510","2015-02",-6.87068,54.649951,"DRUM ROAD","Anti-social behaviour","BT809DW"
"91313","2015-07",-5.944575,54.611705,"SUMMERHILL COURT","Violence and sexual offences","BT829FJ"
"3148","2015-01",-5.671813,54.659042,"RAILWAYVIEW STREET","Anti-social behaviour","BT203BZ"
"343888","2017-03",-5.668105,54.660723,"CASTLE STREET","Anti-social behaviour","BT210DN"
"38767","2015-04",-6.740384,54.650615,"BEECHWAY","Anti-social behaviour","BT808LG"
"384863","2017-06",-6.277619,54.353655,"IVEAGH VIEW","Anti-social behaviour","BT323YQ"
"343","2015-01",-5.959295,54.617911,"ETNA DRIVE","Anti-social behaviour","BT147LH"
"83699","2015-07",-6.349473,54.181082,"CLANRYE PARK","Anti-social behaviour","BT356EJ"
"151354","2015-12",-6.337331,54.160744,"FATHOM PARK","Anti-social behaviour",NA
"375842","2017-05",-7.297256,54.629076,"CORONATION COTTAGES","Bicycle theft","BT797JL"
"121774","2015-09",-6.699716,54.540403,"WASHINGBAY ROAD","Violence and sexual offences","BT714PU"
"34839","2015-03",-5.913227,54.603864,"QUEENS ROAD","Violence and sexual offences","BT39DT"
"317552","2016-12",-7.318604,55.031016,"LEAFAIR GARDENS","Violence and sexual offences","BT488LH"
"312794","2016-12",-6.084517,54.478402,"HARRYS ROAD","Criminal damage and arson","BT266HJ"
"359456","2017-04",-6.661642,55.150744,"BALLYGALLIN PARK","Anti-social behaviour","BT522QB"
"115387","2015-09",-7.279051,54.609574,"MULLAGHMORE DRIVE","Criminal damage and arson","BT797PG"
"51206","2015-05",-6.03644,54.530848,"MOSS ROAD","Anti-social behaviour","BT399QU"
"213824","2016-05",-6.185421,54.269147,"LISNACROPPAN ROAD","Anti-social behaviour","BT325DA"
"313783","2016-12",-6.415622,55.011162,"TULLAGHANS ROAD","Criminal damage and arson","BT537DY"
"379251","2017-05",-5.957231,54.595468,"VIOLET STREET","Other theft","BT127AN"
"203677","2016-04",-6.248544,54.099554,"SLIEVE FOY PLACE","Anti-social behaviour","BT343NR"
"409712","2017-07",-5.803671,54.850732,"CURRAN ROAD","Violence and sexual offences","BT458AF"
"394499","2017-06",-6.328007,54.163014,"TORAGH PARK","Violence and sexual offences","BT342QS"
"123984","2015-10",-6.003657,54.75203,"DOAGH ROAD","Anti-social behaviour","BT423PR"
"246887","2016-07",-5.946732,54.583008,"TATES AVENUE","Criminal damage and arson","BT97BS"
"398927","2017-07",-6.658982,54.348596,"CALLAN CRESCENT","Anti-social behaviour","BT617RH"
"26284","2015-03",-5.927064,54.584353,"RUGBY AVENUE","Anti-social behaviour","BT203PZ"
"470001","2017-12",-5.904914,54.582497,"PIRRIE PARK GARDENS","Burglary","BT60AG"
"70030","2015-06",-5.9301,54.57117,"PRINCE EDWARD PARK","Burglary","BT95FZ"
"53767","2015-05",-5.930334,54.599189,"CASTLE STREET","Anti-social behaviour","BT210DN"
"454044","2017-11",-5.921112,54.587629,"SHAFTESBURY AVENUE","Anti-social behaviour","BT72ES"
"98964","2015-08",-5.951125,54.587952,"KITCHENER STREET","Anti-social behaviour","BT126LF"
"21330","2015-02",-5.940123,54.586148,"LISBURN ROAD","Violence and sexual offences","BT294NX"
"263236","2016-08",-5.938664,54.580427,"MALONE ROAD","Other theft","BT96SP"
"31496","2015-03",-5.897518,54.402772,"HIGH STREET","Other theft","BT189SS"
"165586","2016-01",-5.816618,54.721689,"SANDES COURT","Anti-social behaviour","BT388LE"
"73296","2015-06",-6.046705,54.511284,"BOW STREET","Other theft","BT281BN"
"121991","2015-09",-6.313193,55.096873,"ERINVALE PARK","Other crime","BT538XX"
"410526","2017-07",-6.449802,54.432834,"CHURCHILL PARK","Violence and sexual offences","BT621ER"
"33666","2015-03",-6.946454,55.045852,"MULLAGH PLACE","Violence and sexual offences","BT490AY"
"465584","2017-12",-6.278043,54.861452,"QUEEN STREET","Anti-social behaviour","BT487EF"
"198299","2016-03",-6.667489,55.127802,"MOUNT STREET MEWS","Violence and sexual offences","BT521HP"
"404352","2017-07",-7.465774,54.826433,"MAIN STREET","Burglary","BT536AN"
"54574","2015-05",-6.373217,54.449338,"LEGAHORY COURT","Anti-social behaviour","BT655DF"
"311847","2016-12",-6.217308,54.722136,"TIGER COURT","Anti-social behaviour","BT414HX"
"395882","2017-06",-6.268945,54.869507,"SKERRY COURT","Violence and sexual offences","BT437DW"
"227550","2016-06",-5.711151,54.316048,"GLEBETOWN DRIVE","Anti-social behaviour","BT306QB"
"306128","2016-11",-7.323057,54.997877,"WILLIAM STREET","Violence and sexual offences","BT210HL"
"306251","2016-11",-7.321576,54.997635,"WILLIAM STREET","Violence and sexual offences","BT210HL"
"425963","2017-09",-6.738627,54.392354,"MAYDOWN ROAD","Anti-social behaviour","BT717LJ"
"33833","2015-03",-5.929051,54.602213,"TALBOT STREET","Violence and sexual offences","BT234EQ"
"170226","2016-01",-6.279948,54.858775,"RAILWAY STREET","Public order","BT235HQ"
"221260","2016-05",-6.226155,54.318236,"RATHFRILAND ROAD","Other theft","BT252LG"
"169263","2016-01",-5.695707,54.654764,"LYNDHURST CRESCENT","Other theft","BT133XF"
"175260","2016-02",-6.045357,54.510085,"MARKET STREET","Anti-social behaviour","BT538RG"
"448599","2017-10",-6.023506,54.553271,"JASMINE WALK","Other theft","BT170BZ"
"432904","2017-09",-5.956478,54.678099,"QUEENS AVENUE","Criminal damage and arson","BT536DF"
"169468","2016-01",-6.386908,54.108318,"STATION ROAD","Other theft","BT557HH"
"273675","2016-09",-5.743578,54.547904,"KILLINCHY STREET","Anti-social behaviour","BT235AP"
"243985","2016-07",-6.711863,55.1743,"FAIRFIELD ROAD","Anti-social behaviour","BT557HX"
"173093","2016-01",-5.543753,54.637309,"ASHFIELD COURT","Violence and sexual offences","BT210BF"
"400153","2017-07",-6.974497,54.413275,"MOORE STREET","Anti-social behaviour","BT696AA"
"222045","2016-05",-5.870042,54.575177,"ROSEWOOD PARK","Possession of weapons","BT69RX"
"305683","2016-11",-6.272297,54.344136,"ASHGROVE AVENUE","Violence and sexual offences","BT323RG"
"371511","2017-05",-5.945813,54.588662,"DAPHNE STREET","Anti-social behaviour","BT125PQ"
"223716","2016-05",-5.998227,54.553071,"BEECHLAWN PARK","Violence and sexual offences","BT179NR"
"340766","2017-02",-6.744976,54.645884,"CENTRAL AVENUE","Violence and sexual offences","BT557BP"
"124344","2015-10",-5.948332,54.597959,"ROSS'S COURT","Anti-social behaviour",NA
"4726","2015-01",-6.396922,54.447552,"HIGHFIELD PARK","Burglary","BT643AF"
"378629","2017-05",-5.878796,54.604047,"STRANDBURN PARK","Other theft","BT41ND"
"442710","2017-10",-6.232438,54.736122,"BALLYMENA ROAD","Anti-social behaviour","BT390QR"
"173181","2016-01",-5.974381,54.624643,"SILVERSTREAM ROAD","Violence and sexual offences","BT148GG"
"325165","2017-01",-6.355765,54.184645,"SECOND AVENUE","Criminal damage and arson","BT356HB"
"469132","2017-12",-5.645471,54.655711,"CHARLES MOUNT","Anti-social behaviour","BT204NY"
"107114","2015-08",-7.329566,54.993601,"STANLEYS WALK","Violence and sexual offences","BT489HH"
"161120","2015-12",-6.056002,54.502485,"BEECHLAND DRIVE","Violence and sexual offences","BT281HR"
"231396","2016-06",-5.936992,54.603714,"LIME COURT","Anti-social behaviour","BT131BA"
"172068","2016-01",-7.331241,55.010291,"GLENSIDE ROAD","Violence and sexual offences","BT480BN"
"217579","2016-05",-6.044693,54.508484,"IVAN STREET","Anti-social behaviour","BT153HX"
"454687","2017-11",-6.660878,55.137494,"ARTILLERY ROAD","Anti-social behaviour","BT521QL"
"296390","2016-11",-5.933869,54.622269,"ASHFIELD COURT","Anti-social behaviour","BT210BF"
"71367","2015-06",-6.00513,54.549734,"AUBURN PLACE","Criminal damage and arson","BT179AQ"
"326580","2017-01",-7.330341,54.617056,"BELTANY ROAD","Drugs","BT785NA"
"390001","2017-06",-6.195537,54.097189,"VICTORIA SQUARE","Burglary","BT14QG"
"69538","2015-06",-7.322421,55.003137,"STRAND ROAD","Anti-social behaviour",NA
"446937","2017-10",-7.471358,54.82422,"CARRICK STRAND","Criminal damage and arson","BT829RN"
"8843","2015-01",-5.940142,54.604154,"CALIFORNIA CLOSE","Violence and sexual offences","BT131EP"
"245007","2016-07",-6.525001,55.073697,"MARGARET AVENUE","Anti-social behaviour","BT536BY"
"253305","2016-07",-7.331868,55.029913,"GALLIAGH PARK","Violence and sexual offences","BT488DD"
"12926","2015-02",-6.026135,54.064454,"ABBEY PARK","Anti-social behaviour","BT489DS"
"106882","2015-08",-6.333837,54.175691,"ST. CLARES AVENUE","Violence and sexual offences","BT341HF"
"392856","2017-06",-5.934292,54.600173,"BERRY STREET","Other theft","BT11FJ"
"88261","2015-07",-5.974101,54.592266,"WHITEROCK CRESCENT","Other theft","BT127PN"
"215079","2016-05",-5.83955,54.850711,"LINN ROAD","Anti-social behaviour","BT402AH"
"51189","2015-05",-5.889516,54.215339,"RAILWAY STREET","Anti-social behaviour","BT235HQ"
"68135","2015-06",-6.444692,54.418834,"SOUTH STREET","Anti-social behaviour","BT234JT"
"329016","2017-01",-6.670289,54.697714,"MOUNTVIEW CRESCENT","Violence and sexual offences","BT536TR"
"352763","2017-03",-6.14841,54.635265,"NUTTS CORNER ROUNDABOUT","Theft from the person",NA
"150521","2015-12",-6.530978,54.315911,"DERRYRAINE ROAD","Anti-social behaviour","BT601NZ"
"403774","2017-07",-7.470448,54.821216,"CROGHAN VIEW","Bicycle theft","BT829BP"
"126924","2015-10",-5.898135,54.586477,"HILLSBOROUGH GARDENS","Anti-social behaviour","BT69DT"
"14837","2015-02",-5.795292,54.589489,"DUNOON PARK","Anti-social behaviour","BT162DL"
"430821","2017-09",-5.871341,54.593871,"ENID PARADE","Anti-social behaviour","BT56EL"
"115313","2015-09",-5.943791,54.597163,"LADY STREET","Criminal damage and arson","BT124JX"
"96901","2015-08",-7.309837,54.602082,"BROOKMOUNT CRESCENT","Anti-social behaviour","BT785HG"
"458325","2017-11",-5.932289,54.623805,"QUEEN VICTORIA GARDENS","Criminal damage and arson","BT153LW"
"456160","2017-11",-6.260734,55.19837,"DALRIADA GARDENS","Anti-social behaviour","BT440QG"
"321512","2017-01",-7.309647,54.988046,"TOP OF THE HILL","Anti-social behaviour","BT472HA"
"361184","2017-04",-5.539475,54.642991,"MOAT STREET","Anti-social behaviour","BT486SS"
"227434","2016-06",-5.709197,54.597064,"WESTLAND DRIVE","Anti-social behaviour","BT222TH"
"392981","2017-06",-6.00541,54.06342,"BRIDGE STREET","Other theft","BT440RP"
"165583","2016-01",-5.961665,54.608301,"DISRAELI STREET","Anti-social behaviour","BT133HX"
"335103","2017-02",-5.867011,54.607119,"CAROLHILL PARK","Anti-social behaviour","BT422DG"
"157677","2015-12",-5.93375,54.610865,"SHERIDAN STREET","Other theft","BT152BT"
"89468","2015-07",-6.450649,54.431632,"CHURCHILL PARK","Shoplifting","BT621ER"
"213849","2016-05",-5.969937,54.621846,"WHEATFIELD DRIVE","Anti-social behaviour","BT147JW"
"372943","2017-05",-6.219285,54.714583,"MARKET SQUARE","Anti-social behaviour","BT701AL"
"76225","2015-06",-6.216811,54.619599,"ORCHARD ROAD","Violence and sexual offences","BT829QT"
"207324","2016-04",-5.893885,54.675661,"SHORE ROAD","Other theft","BT403HQ"
"437310","2017-09",-6.590704,54.520324,"FERRY ROAD","Violence and sexual offences","BT714QU"
"416640","2017-08",-7.289808,54.999537,"ROSSDALE","Anti-social behaviour","BT475RD"
"303755","2016-11",-7.323437,55.017066,"BUNCRANA ROAD","Other theft","BT488AB"
"136250","2015-10",-7.324904,54.596678,"LAMMY WALK","Violence and sexual offences","BT785JE"
"155743","2015-12",-5.913436,54.688659,"BALLYALTON WALK","Criminal damage and arson","BT370EU"
"164931","2016-01",-6.330384,54.461152,"MOORES LANE","Anti-social behaviour","BT668DW"
"28170","2015-03",-5.707978,54.587912,"RATHMULLAN DRIVE","Burglary","BT234QF"
"163787","2016-01",-6.469005,55.123906,"TOBERDONEY ROAD","Anti-social behaviour","BT538EA"
"361801","2017-04",-5.927783,54.597923,"ARTHUR PLACE","Anti-social behaviour","BT14HG"
"147449","2015-11",-6.648976,55.203371,"CAUSEWAY STREET","Violence and sexual offences","BT568AE"
"310298","2016-12",-5.92735,54.585732,"MAGDALA STREET","Anti-social behaviour","BT71PU"
"376690","2017-05",-6.68171,55.1425,"CAIRNMOUNT PARK","Criminal damage and arson","BT513JR"
"442414","2017-10",-5.891737,54.598019,"CONNSWATER STREET","Anti-social behaviour","BT41HT"
"306403","2016-11",-7.290387,55.00387,"BROOMHILL AVENUE","Violence and sexual offences","BT476WG"
"181203","2016-02",-6.689358,54.446048,"CHARLEMONT STREET","Other theft","BT701HE"
"154507","2015-12",-5.950992,54.590286,"LEMBERG STREET","Burglary","BT126GH"
"118410","2015-09",-5.951677,54.596371,"ABERCORN STREET NORTH","Vehicle crime","BT124NE"
"310426","2016-12",-6.058467,54.513998,"HILLSIDE GARDENS","Anti-social behaviour","BT196SJ"
"392740","2017-06",-5.776739,54.594352,"REGENT COURT","Other theft","BT161HU"
"244356","2016-07",-7.341248,55.019571,"BRANCH ROAD","Anti-social behaviour","BT480SP"
"118650","2015-09",-7.902777,54.438092,"GLENNASHEEVAR ROAD","Vehicle crime","BT934BZ"
"338534","2017-02",-5.842419,54.859971,"CAIRNGORM DRIVE","Other theft","BT402AP"
"352514","2017-03",-6.670388,55.128804,"NEW ROW","Shoplifting","BT521AE"
"193646","2016-03",-5.533029,54.487377,"COOKS BRAE","Criminal damage and arson","BT222SQ"
"314307","2016-12",-6.443918,54.417305,"THOMAS STREET","Drugs","BT436AZ"
"92882","2015-07",-6.221368,54.715206,"MARKET SQUARE","Violence and sexual offences","BT701AL"
"214051","2016-05",-5.922456,54.585226,"FARNHAM STREET","Anti-social behaviour","BT72FL"
"35470","2015-03",-7.319963,54.996961,"SHIPQUAY STREET","Violence and sexual offences","BT486DW"
"388611","2017-06",-5.875565,54.352528,"DRUMSNADE ROAD","Anti-social behaviour","BT248NG"
"80125","2015-07",-5.68646,54.59576,"BANGOR ROAD","Anti-social behaviour","BT180ES"
"56511","2015-05",-6.561975,54.196377,"BALLYMOYER ROAD","Burglary","BT350AN"
"203478","2016-04",-7.326428,55.039108,"LOWER GALLIAGH ROAD","Anti-social behaviour","BT488LN"
"385528","2017-06",-6.669365,55.135512,"RIVERSDALE ROAD","Anti-social behaviour","BT521XA"
"50312","2015-04",-6.028508,54.515589,"GRAND STREET","Violence and sexual offences","BT274UE"
"327362","2017-01",-5.896511,54.590357,"JONESBORO PARK","Other theft","BT55FY"
"126542","2015-10",-5.843622,54.634945,"STRATHEARN COURT","Anti-social behaviour","BT189NP"
"461732","2017-11",-5.935872,54.588223,"SANDY ROW","Shoplifting","BT125EY"
"97460","2015-08",-6.784365,54.508411,"LISNAHULL PARK","Anti-social behaviour","BT701UH"
"336700","2017-02",-5.925404,54.61366,"CLANMORRIS STREET","Criminal damage and arson","BT151GU"
"9273","2015-01",-6.187869,54.711943,"RATHMORE GARDENS","Violence and sexual offences","BT411JQ"
"44200","2015-04",NA,NA,"NO LOCATION","Criminal damage and arson",NA
"406269","2017-07",-5.850916,54.617653,"KNOCKNAGONEY GARDENS","Drugs","BT42QA"
"73023","2015-06",-6.035133,54.687451,"LYLEHILL ROAD EAST","Drugs","BT364QR"
"407618","2017-07",-6.271023,54.87154,"DEVENAGH WAY","Possession of weapons","BT436EW"
"4512","2015-01",-5.675031,54.471476,"WHITECHERRY LANE","Burglary","BT236QZ"
"285546","2016-10",-5.95204,54.604239,"SHANKILL ROAD","Anti-social behaviour","BT131FT"
"17754","2015-02",-6.084992,54.528635,"GLENWOOD COURT","Drugs","BT283WD"
"226953","2016-06",-7.266811,55.032646,"GARRYMORE PLACE","Anti-social behaviour","BT476XH"
"343684","2017-03",-5.870761,54.69266,"SHANNAGH AVENUE","Anti-social behaviour","BT388XA"
"442693","2017-10",-6.465738,54.425401,"SELSHION PARADE","Anti-social behaviour","BT624AU"
"297261","2016-11",-5.899932,54.593948,"CLANDEBOYE STREET","Anti-social behaviour","BT54QT"
"221135","2016-05",-5.952119,54.585408,"DONEGALL AVENUE","Other theft","BT126LS"
"12993","2015-02",-5.86568,54.593816,"PASADENA GARDENS","Anti-social behaviour","BT56HU"
"308702","2016-12",-5.95204,54.604239,"SHANKILL ROAD","Anti-social behaviour","BT131FT"
"90318","2015-07",-5.955781,54.775491,"TOBERDOWNEY GARDENS","Violence and sexual offences","BT399TW"
"250450","2016-07",-6.653563,54.347367,"SCOTCH STREET","Shoplifting","BT701AR"
"111683","2015-09",-5.935432,54.634515,"LANSDOWNE ROAD","Anti-social behaviour","BT154DB"
"144803","2015-11",-6.444229,54.41642,"THOMAS STREET","Other theft","BT436AZ"
"15933","2015-02",-7.360674,54.182019,"DRUMCRU ROAD","Burglary","BT928GR"
"91382","2015-07",-5.989477,54.629711,"MILL AVENUE","Violence and sexual offences","BT817NB"
"263677","2016-08",-6.431791,54.428702,"BRIDGE STREET","Other theft","BT440RP"
"339619","2017-02",-6.349294,54.150603,"FORKHILL ROAD","Shoplifting","BT358QY"
"5364","2015-01",-5.934003,54.614427,"SYRINGA STREET","Criminal damage and arson","BT152LE"
"375928","2017-05",-5.662538,54.645134,"BALLYVESTER GROVE","Bicycle theft","BT197RL"
"326825","2017-01",-5.931955,54.603844,"UNION STREET","Other theft","BT521QA"
"72806","2015-06",-5.711647,54.314027,"LEASIDE GARDENS","Drugs","BT306QE"
"468092","2017-12",-5.933994,54.61644,"NEWINGTON STREET","Anti-social behaviour","BT152HQ"
"405522","2017-07",-7.332637,55.025066,"COLLON LANE","Criminal damage and arson","BT488LG"
"426015","2017-09",-6.666244,55.131768,"KINGSGATE STREET","Anti-social behaviour","BT521LD"
"361922","2017-04",-5.700687,54.596489,"MARK STREET","Anti-social behaviour","BT234DT"
"145506","2015-11",-7.460954,54.377914,"MAIN STREET","Public order","BT536AN"
"331584","2017-02",-5.655468,54.653272,"SANDYMOUNT COURT","Anti-social behaviour","BT204UE"
"426029","2017-09",-6.220497,54.808361,"STATION ROAD","Anti-social behaviour","BT557HH"
"133883","2015-10",-5.854971,54.593249,"KNOCKDENE PARK SOUTH","Vehicle crime","BT57AB"
"978","2015-01",-6.337595,54.176291,"HILL STREET","Anti-social behaviour","BT12LB"
"200307","2016-04",-5.556393,54.374071,"CASTLE STREET","Anti-social behaviour","BT210DN"
"16403","2015-02",-5.927847,54.617683,"GAINSBOROUGH DRIVE","Criminal damage and arson","BT153EH"
"441835","2017-10",-5.78247,54.851155,"FERRIS BAY ROAD","Anti-social behaviour","BT403RT"
"73863","2015-06",-5.923232,54.627119,"YORK PARK","Other theft","BT153QW"
"220307","2016-05",-5.931803,54.622395,"SKEGONEILL DRIVE","Criminal damage and arson","BT153FY"
"195234","2016-03",-6.608162,54.755384,"QUEEN STREET","Other theft","BT487EF"
"158157","2015-12",-6.293999,54.878612,"COLLINWOOD","Public order","BT436NJ"
"115944","2015-09",-6.058467,54.513998,"HILLSIDE GARDENS","Drugs","BT196SJ"
"334342","2017-02",-5.913227,54.603864,"QUEENS ROAD","Anti-social behaviour","BT39DT"
"12706","2015-02",-6.001962,54.564256,"MOOR PARK AVENUE","Anti-social behaviour","BT100QE"
"462700","2017-11",-6.65746,55.19211,"GLENMANUS ROAD","Violence and sexual offences","BT568HU"
"57298","2015-05",-5.902702,54.593942,"UPPER FRANK STREET","Criminal damage and arson","BT54NR"
"54788","2015-05",-6.219285,54.714583,"MARKET SQUARE","Anti-social behaviour","BT701AL"
"114055","2015-09",-6.505818,55.077578,"CASTLEHILL CLOSE","Burglary","BT536RP"
"353911","2017-03",-5.965971,54.596136,"BEECHMOUNT GARDENS","Violence and sexual offences","BT127RW"
"242411","2016-07",-6.267073,54.344016,"BELMONT VIEW","Anti-social behaviour",NA
"29965","2015-03",-6.267384,54.351244,"CASTLEWELLAN ROAD","Criminal damage and arson","BT252LD"
"127170","2015-10",-7.2667,55.035304,"STRADOWEN DRIVE","Anti-social behaviour","BT476XN"
"204464","2016-04",-5.937646,54.597813,"KILLEN STREET","Anti-social behaviour",NA
"278736","2016-09",-5.931345,54.624715,"PREMIER DRIVE","Vehicle crime","BT153LX"
"385081","2017-06",-5.694295,54.650136,"CARRICKMANNIN GARDENS","Anti-social behaviour","BT191SX"
"109708","2015-09",-5.925996,54.617237,"GAINSBOROUGH DRIVE","Anti-social behaviour","BT153EH"
"360973","2017-04",-5.712755,54.596808,"WESTMOUNT PARK","Anti-social behaviour","BT234BP"
"8210","2015-01",-6.744075,54.631905,"GLENWOOD CREST","Shoplifting","BT808XU"
"140940","2015-11",-7.322018,54.598108,"BROOKMOUNT HEIGHTS","Anti-social behaviour","BT785JW"
"468135","2017-12",-5.934176,54.611016,"SHERIDAN STREET","Anti-social behaviour","BT152BT"
"158031","2015-12",-5.930979,54.60416,"UNION STREET","Other theft","BT521QA"
"473679","2017-12",-6.447284,54.421598,"MANDEVILLE MEWS","Robbery","BT623NS"
"15943","2015-02",-5.944575,54.611705,"SUMMERHILL COURT","Burglary","BT829FJ"
"325512","2017-01",-5.926317,54.639831,"INNISFAYLE PASS","Criminal damage and arson","BT154GL"
"180160","2016-02",-6.266013,54.350209,"CASTLEWELLAN ROAD","Criminal damage and arson","BT252LD"
"273105","2016-09",-7.325665,54.59838,"LAMMY CRESCENT","Anti-social behaviour","BT785JD"
"403699","2017-07",-5.963975,54.614118,"BALHOLM DRIVE","Anti-social behaviour","BT147NA"
"45553","2015-04",-7.309188,54.364133,"COONEEN ROAD","Other theft","BT750JN"
"217912","2016-05",-6.017435,54.56053,"BROOKLANDS GRANGE","Anti-social behaviour","BT170SA"
"258784","2016-08",-5.984526,54.597354,"MOYARD PARADE","Anti-social behaviour","BT127HA"
"94097","2015-08",-5.90855,54.587924,"RAVENHILL AVENUE","Anti-social behaviour","BT68LJ"
"430275","2017-09",-6.062861,54.321133,"RATHFRILAND ROAD","Anti-social behaviour","BT252LG"
"30907","2015-03",-6.052099,54.511829,"RIDGEWAY STREET","Drugs","BT95FB"
"400672","2017-07",-7.317407,54.376855,"BALLYLURGAN","Anti-social behaviour","BT750PR"
"97872","2015-08",-5.875048,54.601717,"DEHRA GROVE","Anti-social behaviour","BT42DW"
"61692","2015-05",-7.321928,54.608205,"GORTRUSH PARK","Violence and sexual offences","BT785EF"
"178637","2016-02",-6.215839,54.731557,"KINTYRE","Burglary","BT412AN"
"161786","2015-12",-6.654911,54.352216,"LISANALLY LANE","Violence and sexual offences","BT617HE"
"233193","2016-06",-7.27826,55.001266,"CANTERBURY PARK","Criminal damage and arson","BT476DU"
"249703","2016-07",-5.950682,54.604154,"CONWAY STREET","Other theft","BT274AD"
"80069","2015-07",-5.93528,54.58585,"UNIVERSITY SQUARE MEWS","Anti-social behaviour","BT71JU"
"180371","2016-02",-5.931278,54.588198,"CAMERON STREET","Criminal damage and arson","BT71GU"
"211265","2016-04",-6.340621,54.462766,"BEECH COURT","Violence and sexual offences","BT666AN"
"132236","2015-10",-5.866895,54.601052,"NORWOOD DRIVE","Other theft","BT42EA"
"229441","2016-06",-5.891717,54.401773,"WINDMILL AVENUE","Anti-social behaviour","BT604AT"
"71319","2015-06",-5.896318,54.573696,"KILBRONEY BEND","Criminal damage and arson","BT60EX"
"262971","2016-08",-5.887017,54.213831,"DONARD PLACE","Drugs","BT344BU"
"33099","2015-03",-5.937646,54.597813,"KILLEN STREET","Vehicle crime",NA
"310593","2016-12",-5.935169,54.588355,"LISBURN ROAD","Anti-social behaviour","BT294NX"
"451185","2017-10",-5.953784,54.616974,"OLDPARK ROAD","Violence and sexual offences","BT146QR"
"162946","2016-01",-6.02433,54.555099,"GLASVEY WALK","Anti-social behaviour","BT170DE"
"342361","2017-02",-7.35493,55.011686,"ST. EITHNE'S PARK","Violence and sexual offences","BT480LB"
"51193","2015-05",-6.006746,54.540048,"LILAC WALK","Anti-social behaviour","BT179QP"
"96008","2015-08",-5.948835,54.599028,"NORTH HOWARD STREET","Anti-social behaviour","BT132AW"
"435714","2017-09",-6.15438,54.640235,"DUNDESERT ROAD","Vehicle crime","BT294SL"
"279162","2016-09",-5.485191,54.544018,"THE SQUARE","Violence and sexual offences","BT714LN"
"470228","2017-12",-5.962686,54.613584,"KERRERA STREET","Burglary","BT147FL"
"291216","2016-10",-5.932769,54.621361,"DUNMORE PLACE","Other theft","BT490AN"
"378546","2017-05",-6.677795,55.121473,"SCREEN ROAD","Other theft","BT513AG"
"336827","2017-02",-5.925901,54.648297,"SERPENTINE ROAD","Criminal damage and arson","BT367JQ"
"448095","2017-10",-5.991854,54.585859,"GORTNAMONA RISE","Other theft","BT118PQ"
"82726","2015-07",-5.909288,54.220608,"ARDALUIN COURT","Anti-social behaviour","BT330RT"
"240603","2016-07",-6.607362,54.078736,"NEWRY ROAD","Anti-social behaviour","BT323NB"
"207497","2016-04",-5.934292,54.600173,"BERRY STREET","Other theft","BT11FJ"
"347943","2017-03",-5.931254,54.590211,"PACKENHAM MEWS","Anti-social behaviour",NA
"33090","2015-03",-5.928542,54.664614,"DERRYCOOLE WAY","Vehicle crime","BT379JJ"
"222340","2016-05",-5.999062,54.754506,"CAMERON COURT","Shoplifting","BT399UZ"
"229006","2016-06",-5.928265,54.587203,"CROMWELL ROAD","Anti-social behaviour","BT71NE"
"92604","2015-07",-6.268918,54.353908,"LURGAN ROAD","Violence and sexual offences","BT635BJ"
"167542","2016-01",-5.872927,54.704038,"UPPER ROAD","Criminal damage and arson","BT388RL"
"125903","2015-10",-5.831371,54.640737,"CHURCH ROAD","Anti-social behaviour","BT448QY"
"314417","2016-12",-6.374014,54.467353,"BALLYNAMONEY ROAD","Drugs",NA
"269861","2016-09",-7.279315,54.599038,"MCCLAY GROVE","Anti-social behaviour","BT790PS"
"252605","2016-07",-5.92346,54.586483,"ORMEAU ROAD","Violence and sexual offences","BT73HY"
"404875","2017-07",-7.356439,55.012107,"ST. EITHNE'S PARK","Criminal damage and arson","BT480LB"
"291816","2016-10",-6.349241,54.459731,"ASHWOOD","Possession of weapons","BT668PF"
"265187","2016-08",-5.932244,54.591126,"SALISBURY STREET","Vehicle crime","BT71AH"
"227468","2016-06",-5.978976,54.574755,"STOCKMANS CRESCENT","Anti-social behaviour","BT119AW"
"399062","2017-07",-5.961362,54.592061,"FALLSWATER STREET","Anti-social behaviour","BT126BZ"
"214641","2016-05",-5.923348,54.629088,"SHORE ROAD","Anti-social behaviour","BT403HQ"
"360422","2017-04",-6.092469,54.724782,"THE GRANGE","Anti-social behaviour","BT422DZ"
"70122","2015-06",-5.947277,54.585084,"ULSTERVILLE GARDENS","Burglary","BT97BB"
"341158","2017-02",-6.365434,54.378434,"HILL STREET","Violence and sexual offences","BT12LB"
"160304","2015-12",-5.888415,54.221888,"MOURNE VIEW AVENUE","Violence and sexual offences","BT330QN"
"232171","2016-06",-5.894351,54.677439,"THE PINES","Burglary","BT266NT"
"334831","2017-02",-5.928554,54.600102,"WINECELLAR ENTRY","Anti-social behaviour","BT11QN"
"204399","2016-04",-6.344831,54.887203,"SPENCE CRESCENT","Anti-social behaviour","BT421BR"
"454356","2017-11",-6.519866,54.295398,"BUNKER HILL","Anti-social behaviour","BT601RD"
"424555","2017-08",-6.550613,54.776208,"RIVERSIDE GARDENS","Violence and sexual offences","BT458BG"
"12836","2015-02",-5.895063,54.592641,"AVONIEL DRIVE","Anti-social behaviour","BT54SJ"
"269361","2016-09",-5.715557,54.328604,"ST PATRICK'S AVENUE","Anti-social behaviour",NA
"353269","2017-03",-6.215203,54.619189,"ORCHARD HILL","Violence and sexual offences","BT421JP"
"352974","2017-03",-5.939267,54.579511,"LENNOXVALE","Vehicle crime","BT95BY"
"320584","2017-01",-5.993776,54.678884,"TRENCH ROAD","Anti-social behaviour","BT473UA"
"371121","2017-05",-5.940369,54.628157,"CHICHESTER PARK NORTH","Anti-social behaviour","BT155DR"
"402855","2017-07",-5.885337,54.400942,"HILLFOOT CRESCENT","Anti-social behaviour","BT248ES"
"216804","2016-05",-5.907841,54.585756,"OLD BAKERS COURT","Anti-social behaviour","BT68QU"
"187310","2016-03",-6.362509,54.332842,"GLENLOUGHAN PARK","Anti-social behaviour","BT636LP"
"140823","2015-11",-6.782709,54.79457,"TOBERMORE ROAD","Anti-social behaviour","BT455LF"
"323069","2017-01",-7.321003,55.005689,"FLETCHER AVENUE","Anti-social behaviour",NA
"335317","2017-02",-6.677198,55.131923,"CAPTAIN STREET LOWER","Anti-social behaviour","BT513DT"
"284602","2016-10",-6.698976,54.538867,"MOURNE CRESCENT","Anti-social behaviour","BT236BG"
"193886","2016-03",-5.929308,54.69036,"BALLYFORE AVENUE","Criminal damage and arson","BT366XE"
"52323","2015-05",-7.23671,54.716826,"CAIRN PARK","Anti-social behaviour","BT798NB"
"347974","2017-03",-5.938488,54.627685,"ANTRIM ROAD","Anti-social behaviour","BT390AH"
"372664","2017-05",-6.183239,54.507465,"MAGHABERRY ROAD","Anti-social behaviour","BT670ND"
"251532","2016-07",-7.107295,54.62362,"SKEBOY ROAD","Violence and sexual offences","BT799LJ"
"169889","2016-01",-5.899401,54.592537,"BEERSBRIDGE ROAD","Other theft","BT55EG"
"116860","2015-09",-5.97987,54.575758,"STOCKMANS DRIVE","Other theft","BT119AU"
"8890","2015-01",-6.155978,54.412694,"BANBRIDGE ROAD","Violence and sexual offences","BT667HQ"
"32546","2015-03",-5.947879,54.689032,"BEECHGROVE GARDENS","Shoplifting","BT60NP"
"21957","2015-02",-6.74201,54.647632,"UNION STREET","Violence and sexual offences","BT521QA"
"52067","2015-05",-5.529113,54.607699,"ABBEY ROAD","Anti-social behaviour","BT414SH"
"217163","2016-05",-5.708843,54.593715,"CIRCULAR ROAD","Anti-social behaviour","BT514XA"
"330457","2017-01",-7.354037,54.953473,"GORTIN MANOR","Violence and sexual offences","BT472TF"
"264645","2016-08",-6.000463,54.752858,"PARK STREET","Shoplifting","BT266AL"
"93278","2015-07",-6.950542,55.050469,"MARKET STREET","Other crime","BT538RG"
"16984","2015-02",-5.933691,54.577512,"RIDGEWAY STREET","Criminal damage and arson","BT95FB"
"453123","2017-10",-5.67,54.661209,"CENTRAL STREET","Other crime","BT203AG"
"355547","2017-03",-5.923358,54.600947,"QUEENS SQUARE","Violence and sexual offences","BT13FG"
"341051","2017-02",-5.928741,54.597032,"DONEGALL SQUARE EAST","Violence and sexual offences","BT15HD"
"161381","2015-12",-6.015849,54.577899,"GLENCOLIN HEIGHTS","Violence and sexual offences","BT118PB"
"247166","2016-07",-5.483891,54.542023,"HARBOUR ROAD","Criminal damage and arson","BT344AU"
"112982","2015-09",-6.552735,54.775981,"ASHBOURNE","Anti-social behaviour","BT366SW"
"54559","2015-05",-7.34522,55.029141,"UPPER GALLIAGH ROAD","Anti-social behaviour","BT488LW"
"221509","2016-05",-6.609992,54.512174,"DERRYLOUGHAN ROAD","Other theft","BT714QS"
"145211","2015-11",-6.274224,54.85315,"LETTERCREEVE","Other theft","BT422EU"
"43348","2015-04",-5.953784,54.616974,"OLDPARK ROAD","Criminal damage and arson","BT146QR"
"182719","2016-02",-5.536134,54.641611,"HIGH STREET","Shoplifting","BT189SS"
"3246","2015-01",-6.055578,54.507851,"TAYLOR SQUARE","Anti-social behaviour","BT281HA"
"350922","2017-03",-5.953491,54.680753,"FERNDALE CRESCENT","Other theft","BT365AN"
"301246","2016-11",-6.708529,55.173052,"AGHERTON DRIVE","Criminal damage and arson","BT557JQ"
"58389","2015-05",-6.941523,55.04183,"GLENMORE GARDENS","Drugs","BT536DG"
"189764","2016-03",-6.328264,54.452641,"TOBERHEWNY LANE LOWER","Anti-social behaviour","BT668SU"
"210516","2016-04",-6.275819,54.868688,"THOMAS STREET","Violence and sexual offences","BT436AZ"
"338739","2017-02",-5.822487,54.710958,"RHANBUOY PARK","Other theft","BT180DX"
"314525","2016-12",-5.922012,54.628877,"OAKMOUNT DRIVE","Drugs","BT153RE"
"146118","2015-11",-7.321801,54.995453,"THE DIAMOND","Shoplifting","BT515QH"
"143903","2015-11",-6.77009,54.508707,"QUARRY LANE","Drugs","BT701HX"
"254861","2016-08",-6.223044,54.613698,"THE BEECHES","Anti-social behaviour","BT473XS"
"182111","2016-02",-5.959108,54.588572,"DONEGALL ROAD","Possession of weapons","BT126DY"
"122716","2015-10",-6.033353,54.559694,"GLENKEEN","Anti-social behaviour","BT413JX"
"18898","2015-02",-5.992128,54.568981,"FINAGHY ROAD NORTH","Other theft","BT100JA"
"418528","2017-08",-5.98135,54.58368,"GLEN PARADE","Criminal damage and arson","BT118FD"
"23775","2015-03",-5.940538,54.629723,"CHICHESTER COURT","Anti-social behaviour","BT155DS"
"297274","2016-11",-6.749951,54.644282,"PARK AVENUE","Anti-social behaviour","BT204JU"
"200646","2016-04",-5.9336,54.5946,"AMELIA STREET","Anti-social behaviour","BT27GS"
"467667","2017-12",-5.821622,54.721015,"TOWN PARK","Anti-social behaviour","BT388FG"
"268632","2016-09",-6.27512,54.344293,"FORTHILL GREEN","Anti-social behaviour","BT323JE"
"224207","2016-05",-5.955627,54.583931,"OLYMPIA STREET","Violence and sexual offences","BT126NJ"
"475298","2017-12",-6.278889,54.864986,"GEORGE STREET","Violence and sexual offences","BT623AS"
"171878","2016-01",-6.035472,54.531381,"WOODLAND PARK","Violence and sexual offences","BT274PE"
"62349","2015-05",-7.570433,54.196336,"FORTLEA","Violence and sexual offences","BT929GE"
"400626","2017-07",-6.036842,54.510558,"STANNUS PLACE","Anti-social behaviour","BT275AP"
"215399","2016-05",-6.010218,54.568085,"DOON COTTAGES","Anti-social behaviour","BT119GX"
"415767","2017-08",-6.603526,54.749715,"PINEY HILL","Anti-social behaviour","BT456PY"
"62993","2015-05",-5.930334,54.599189,"CASTLE STREET","Violence and sexual offences","BT210DN"
"373291","2017-05",-6.654121,55.208243,"ANTRIM GARDENS","Anti-social behaviour","BT568AR"
"26125","2015-03",-5.666227,54.636713,"RATHGILL MEADOW","Anti-social behaviour","BT197TY"
"64181","2015-05",-5.889531,54.221647,"BURRENDALE PARK CLOSE","Violence and sexual offences","BT330UD"
"306948","2016-11",-6.449979,54.431426,"CHURCHILL PARK","Violence and sexual offences","BT621ER"
"463283","2017-11",-6.756196,54.502573,"KILLYMERRON PARK","Violence and sexual offences","BT716DN"
"104533","2015-08",-5.891191,54.404818,"DRUMMOND BRAE","Vehicle crime","BT248EY"
"310293","2016-12",-5.800253,54.72292,"TAYLORS AVENUE","Anti-social behaviour","BT387HL"
"159270","2015-12",-6.010218,54.567123,"RINGFORD CRESCENT","Violence and sexual offences","BT119LG"
"332682","2017-02",-6.20685,54.894453,"FIR PARK","Anti-social behaviour","BT424DH"
"325691","2017-01",-5.941064,54.601834,"BOUNDARY STREET","Criminal damage and arson","BT132EJ"
"370760","2017-05",-5.890692,54.597875,"EAST BREAD STREET","Anti-social behaviour","BT55AP"
"344240","2017-03",-6.707803,55.182368,"MILLBROOK PARK","Anti-social behaviour","BT473QH"
"96675","2015-08",-5.933006,54.587985,"BOTANIC AVENUE","Anti-social behaviour","BT71JQ"
"235436","2016-06",-6.347379,54.184063,"KILLEAVEY ROAD","Other theft","BT356EP"
"280177","2016-09",-6.736736,54.639339,"FOUNTAIN COURT","Violence and sexual offences","BT808XX"
"118590","2015-09",-6.324482,54.862308,"FENAGHY PARK","Vehicle crime","BT421JT"
"185845","2016-02",-5.938649,54.621452,"WILLOWBANK GARDENS","Violence and sexual offences","BT155AJ"
"193256","2016-03",-5.959654,54.250522,"JOHN F KENNEDY ESTATE","Criminal damage and arson","BT319AN"
"96477","2015-08",-6.186749,54.104137,"FORESTBROOK AVENUE","Anti-social behaviour","BT343BX"
"332031","2017-02",-5.968348,54.601226,"WATERMOUTH CRESCENT","Anti-social behaviour","BT127FH"
"266513","2016-08",-7.660876,54.347352,"FERNEY RISE","Violence and sexual offences","BT747NF"
"169216","2016-01",-6.321432,54.458332,"AVENUE ROAD","Other theft","BT667BJ"
"116579","2015-09",-6.780746,54.502391,"WOODBURN CRESCENT","Other theft","BT522QZ"
"77064","2015-06",-6.215174,54.732904,"GLENCRAIG MANOR","Violence and sexual offences","BT412LE"
"116709","2015-09",-5.895581,54.530078,"SAINTFIELD ROAD","Other theft","BT86GU"
"304828","2016-11",-6.752682,54.646673,"BURNBRAE CRESCENT","Vehicle crime","BT808DU"
"379861","2017-05",-6.058467,54.513998,"HILLSIDE GARDENS","Shoplifting","BT196SJ"
"318275","2016-12",-7.307208,54.599228,"JAMES STREET","Violence and sexual offences","BT522DN"
"219608","2016-05",-6.660878,55.137494,"ARTILLERY ROAD","Criminal damage and arson","BT521QL"
"94906","2015-08",-6.781874,54.501828,"BRAESIDE","Anti-social behaviour","BT717BY"
"262930","2016-08",-7.318785,54.992697,"JOHN STREET","Drugs","BT781DW"
"82901","2015-07",-5.678721,54.585467,"THE OAKS","Anti-social behaviour","BT238GZ"
"436297","2017-09",-5.937646,54.597813,"KILLEN STREET","Violence and sexual offences",NA
"442558","2017-10",-5.711151,54.316048,"GLEBETOWN DRIVE","Anti-social behaviour","BT306QB"
"163022","2016-01",-5.940605,54.600811,"FINGALS COURT","Anti-social behaviour","BT132DP"
"67065","2015-06",-7.319963,54.996961,"SHIPQUAY STREET","Anti-social behaviour","BT486DW"
"176355","2016-02",-5.848754,54.863273,"WALNUT ROAD","Anti-social behaviour","BT402WE"
"23772","2015-03",-6.941795,55.040395,"GLENVIEW DRIVE","Anti-social behaviour","BT490RZ"
"375601","2017-05",-5.964788,54.613646,"CRUMLIN ROAD","Anti-social behaviour","BT148AB"
"420823","2017-08",-6.032082,54.578038,"HAWTHORN GLEN","Other theft","BT170NU"
"123626","2015-10",-5.937646,54.597813,"KILLEN STREET","Anti-social behaviour",NA
"459091","2017-11",-5.699919,54.595567,"THOMAS STREET","Criminal damage and arson","BT436AZ"
"26154","2015-03",-7.471975,54.825813,"CARRICK STRAND","Anti-social behaviour","BT829RN"
"110546","2015-09",-6.653143,55.20604,"MANSE AVENUE","Anti-social behaviour","BT568BP"
"384954","2017-06",-5.666286,54.663536,"HIGH STREET","Anti-social behaviour","BT189SS"
"16480","2015-02",-6.017944,54.571051,"LARKSPUR RISE","Criminal damage and arson","BT119RW"
"118061","2015-09",-6.913867,54.920323,"GLENROE PARK","Shoplifting","BT474PE"
"6196","2015-01",-6.009093,54.064343,"NEWRY STREET","Drugs","BT345PY"
"397218","2017-06",-5.662118,54.638404,"RATHGILL GARDENS","Violence and sexual offences","BT197TB"
"437637","2017-09",-7.317806,54.375995,"NELSON PARK","Violence and sexual offences","BT196LB"
"261033","2016-08",-5.895466,54.131787,"GLASSDRUMMAN ROAD","Criminal damage and arson","BT248TW"
"131887","2015-10",-5.9009,54.590461,"WILLOWFIELD GARDENS","Other theft","BT69AZ"
"175114","2016-02",-7.295746,54.999509,"FAULKNER COURT","Anti-social behaviour","BT476GH"
"189911","2016-03",-5.975396,54.560256,"SICILY PARK","Anti-social behaviour","BT100AJ"
"250872","2016-07",-6.253584,54.353498,"WILLOW DRIVE","Vehicle crime","BT522AY"
"164823","2016-01",-6.701463,54.493166,"ESPEY PARK","Anti-social behaviour","BT716RQ"
"211886","2016-04",-5.952772,54.606309,"BRUSSELS STREET","Violence and sexual offences","BT131PX"
"248551","2016-07",-6.637117,55.196043,"BALLYWILLIN CRESCENT","Drugs","BT568GJ"
"370711","2017-05",-6.208275,54.712992,"AVON COURT","Anti-social behaviour","BT414PJ"
"202119","2016-04",-6.87068,54.649951,"DRUM ROAD","Anti-social behaviour","BT809DW"
"312052","2016-12",-5.660162,54.645753,"SKIPPERSTONE AVENUE","Anti-social behaviour","BT197HT"
"230869","2016-06",-5.907861,54.677044,"BLEACH GREEN AVENUE","Anti-social behaviour","BT370BY"
"166250","2016-01",-5.956365,54.598841,"CLONARD GARDENS","Anti-social behaviour","BT132RH"
"381679","2017-05",-6.371458,55.084461,"KILRAUGHTS ROAD","Violence and sexual offences","BT538NJ"
"172943","2016-01",-6.665096,54.908924,"MAIN STREET","Violence and sexual offences","BT536AN"
"43206","2015-04",-5.485764,54.544992,"MAIN STREET","Criminal damage and arson","BT536AN"
"146668","2015-11",-6.266506,54.352022,"CHURCH SQUARE","Violence and sexual offences","BT345PT"
"155328","2015-12",-6.275698,54.352163,"IVEAGH DRIVE","Criminal damage and arson","BT126AY"
"130722","2015-10",-6.287176,54.347645,"LIMEWOOD","Criminal damage and arson","BT323FH"
"273536","2016-09",-5.689548,54.589322,"LAMONT AVENUE","Anti-social behaviour","BT238NW"
"69182","2015-06",-5.889179,54.212934,"MAIN STREET","Anti-social behaviour","BT536AN"
"349154","2017-03",-6.030363,54.562376,"SALLY GARDENS LANE","Criminal damage and arson",NA
"436823","2017-09",-5.928592,54.599366,"CORN MARKET","Violence and sexual offences","BT358BG"
"298433","2016-11",-7.277158,55.005194,"FALLOWLEA PARK","Anti-social behaviour","BT476YP"
"45190","2015-04",-5.809479,54.714471,"WEST STREET","Other theft","BT389HR"
"355707","2017-03",-5.984198,54.578624,"FRUITHILL COURT","Violence and sexual offences","BT118FZ"
"363249","2017-04",-5.936566,54.259635,"STATION ROAD","Criminal damage and arson","BT557HH"
"319673","2016-12",-5.887046,54.602843,"PARK AVENUE","Violence and sexual offences","BT204JU"
"217827","2016-05",-7.286481,55.001198,"SEYMOUR GARDENS","Anti-social behaviour","BT476ND"
"153342","2015-12",-6.272448,54.852065,"LETTERCREEVE","Anti-social behaviour","BT422EU"
"29342","2015-03",-6.373281,54.188774,"JOHN F KENNEDY PARK","Criminal damage and arson","BT357EW"
"229201","2016-06",-6.000533,54.552381,"KINGSWAY","Anti-social behaviour","BT179RY"
"219005","2016-05",-6.366509,54.454036,"PINEBANK","Criminal damage and arson","BT655BZ"
"120291","2015-09",-6.518201,55.065368,"GATE END","Violence and sexual offences","BT536LB"
"446307","2017-10",-7.331868,55.029913,"GALLIAGH PARK","Criminal damage and arson","BT488DD"
"124158","2015-10",-5.925203,54.602102,"VICTORIA STREET","Anti-social behaviour","BT536DW"
"265977","2016-08",-6.754636,54.500086,"PARKWOOD MANOR","Violence and sexual offences","BT716LR"
"113776","2015-09",-5.833981,54.642635,"STRAND MEWS","Burglary","BT54TP"
"425405","2017-08",-5.70875,54.759116,"HILLSIDE PARK","Violence and sexual offences","BT449DG"
"359957","2017-04",-5.954435,54.607703,"TENNENT STREET","Anti-social behaviour","BT133GD"
"83748","2015-07",-5.948263,54.635317,"UPPER CAVEHILL ROAD","Anti-social behaviour","BT155EZ"
"404156","2017-07",-5.909786,54.590965,"DONARD STREET","Burglary","BT68EJ"
"124948","2015-10",-5.907477,54.58743,"SUNWICH STREET","Anti-social behaviour","BT68JT"
"297537","2016-11",-6.655349,55.136364,"GLEBE AVENUE","Anti-social behaviour","BT522EP"
"393496","2017-06",-5.923693,54.581294,"ELGIN STREET","Robbery","BT73AG"
"17111","2015-02",-6.368581,54.436041,"OAKVALE","Criminal damage and arson","BT655JA"
"460265","2017-11",-6.275504,54.858541,"PARADISE AVENUE","Other theft","BT423AE"
"355060","2017-03",-6.228371,54.619364,"ST JAMES MEADOW","Violence and sexual offences","BT294GU"
"38827","2015-04",-5.941481,54.548173,"OLD MILLTOWN ROAD","Anti-social behaviour","BT87RZ"
"270756","2016-09",-6.950814,55.05083,"MARKET STREET","Anti-social behaviour","BT538RG"
"362736","2017-04",-5.95688,54.602785,"LAWNBROOK AVENUE","Criminal damage and arson","BT132QB"
"391626","2017-06",-5.862986,54.577891,"BRANIEL CRESCENT","Criminal damage and arson","BT57JW"
"149757","2015-12",-7.318883,54.994278,"BRIDGE STREET","Anti-social behaviour","BT440RP"
"245200","2016-07",-7.318823,54.996883,"FOYLE STREET","Anti-social behaviour","BT486XY"
"158280","2015-12",-5.814754,54.859449,"MOYLE PARADE","Robbery","BT401ET"
"322170","2017-01",-5.85582,54.366888,"MILL POND VIEW","Anti-social behaviour","BT248GB"
"282413","2016-10",-6.555205,54.954525,"MILL ROAD","Anti-social behaviour","BT557SE"
"129246","2015-10",-6.01617,54.564606,"MARGARETTA PARK","Criminal damage and arson","BT170JQ"
"112937","2015-09",-6.196491,54.71836,"RATHGLYNN","Anti-social behaviour","BT411LB"
"15718","2015-02",-5.908378,54.591264,"RAVENHILL STREET","Burglary","BT68EP"
"91866","2015-07",-5.900331,54.584979,"WILLOWHOLME PARADE","Violence and sexual offences","BT68NY"
"395105","2017-06",-6.744976,54.645884,"CENTRAL AVENUE","Violence and sexual offences","BT557BP"
"130215","2015-10",-5.859753,54.763241,"CAIRN ROAD","Criminal damage and arson","BT389AP"
"49528","2015-04",-5.98127,54.563076,"UPPER LISBURN ROAD","Violence and sexual offences","BT100AA"
"314426","2016-12",-6.656208,54.346885,"CHAPEL LANE","Drugs","BT622LU"
"57308","2015-05",-7.34522,55.029141,"UPPER GALLIAGH ROAD","Criminal damage and arson","BT488LW"
"398236","2017-07",-6.059678,54.521673,"PINECROFT PARK","Anti-social behaviour","BT283LG"
"232364","2016-06",-6.000975,54.579361,"CLONELLY AVENUE","Burglary","BT118LG"
"295775","2016-10",-5.901698,54.591795,"CANTON COURT","Violence and sexual offences","BT69EL"
"433786","2017-09",-5.898819,54.578286,"MOUNT MERRION AVENUE","Drugs","BT60FT"
"193156","2016-03",-6.714501,55.183993,"PARKLEA","Criminal damage and arson","BT557HA"
"13456","2015-02",-6.292196,54.376036,"HILLSIDE CRESCENT","Anti-social behaviour","BT770HL"
"130228","2015-10",-6.743916,54.634544,"GORTALOWRY PARK","Criminal damage and arson","BT808JH"
"48038","2015-04",-5.97979,54.575181,"STOCKMANS AVENUE","Violence and sexual offences","BT119AS"
"88594","2015-07",-5.953261,54.580522,"GREAT NORTHERN STREET","Other theft","BT97FN"
"111586","2015-09",-5.859537,54.802043,"RALOO ROAD","Anti-social behaviour","BT403DU"
"305933","2016-11",-5.918121,54.600758,"STATION STREET","Violence and sexual offences","BT39DB"
"305375","2016-11",-6.003448,54.761964,"HAMLET WAY","Violence and sexual offences","BT399GQ"
"25880","2015-03",-5.931172,54.652206,"GARTON WAY","Anti-social behaviour","BT367JF"
"933","2015-01",-5.441297,54.46002,"HARBOUR ROAD","Anti-social behaviour","BT344AU"
"91874","2015-07",-5.96475,54.595487,"BEECHMOUNT LINK","Violence and sexual offences","BT127NQ"
"73240","2015-06",-5.874591,54.60365,"EDGCUMBE GARDENS","Other theft","BT42EG"
"307387","2016-11",-6.949222,55.053071,"MAIN STREET","Violence and sexual offences","BT536AN"
"229167","2016-06",-5.859401,54.614991,"GLENDHU MANOR","Anti-social behaviour","BT42RJ"
"31708","2015-03",-5.92341,54.625747,"YORK DRIVE","Other theft","BT153QY"
"11573","2015-02",-6.711558,55.17206,"COLERAINE ROAD","Anti-social behaviour","BT536BS"
"177537","2016-02",-5.927533,54.599788,"HIGH STREET","Anti-social behaviour","BT189SS"
"376798","2017-05",-6.39584,54.189777,"ARD AVEEN PARK","Criminal damage and arson","BT357BX"
"325128","2017-01",-6.029476,54.23109,"MULLANDRA PARK","Criminal damage and arson","BT345LS"
"316386","2016-12",-5.668506,54.659688,"MARKET STREET","Shoplifting","BT538RG"
"433451","2017-09",-7.31616,54.989008,"VICTORIA ROAD","Drugs","BT820EB"
"157489","2015-12",-5.826657,54.848971,"MILL ROAD","Other theft","BT557SE"
"131153","2015-10",-5.925904,54.664973,"CARNREAGH BEND","Drugs","BT379EG"
"309539","2016-12",-5.89211,54.60127,"MCALLISTER COURT","Anti-social behaviour","BT41SS"
"85220","2015-07",-6.005977,54.675761,"HYDEPARK MANOR","Burglary","BT364PB"
"243689","2016-07",-7.32083,54.997442,"MAGAZINE STREET","Anti-social behaviour","BT486HH"
"111083","2015-09",-5.810241,54.591459,"LEATHEM SQUARE","Anti-social behaviour","BT162QL"
"474538","2017-12",-6.221368,54.715206,"MARKET SQUARE","Vehicle crime","BT701AL"
"390143","2017-06",-6.389669,54.469719,"MCGREAVY DRIVE","Burglary","BT666LS"
"202268","2016-04",-6.351358,54.168376,"BRANNOCK HEIGHTS","Anti-social behaviour","BT358DH"
"308287","2016-12",-5.930446,54.599424,"ROYAL AVENUE","Anti-social behaviour","BT11DD"
"310904","2016-12",-5.952247,54.61799,"TORRENS DRIVE","Anti-social behaviour","BT146JA"
"70675","2015-06",-5.931781,54.590175,"PACKENHAM MEWS","Burglary",NA
"290950","2016-10",-5.93528,54.58585,"UNIVERSITY SQUARE MEWS","Other theft","BT71JU"
"107423","2015-08",-6.464419,54.42401,"WESTLAND ROAD","Violence and sexual offences","BT222QP"
"71772","2015-06",-6.338452,54.166016,"ALBERT BASIN","Criminal damage and arson","BT358QS"
"366621","2017-04",-5.831096,54.851836,"KERNOX GARDENS","Vehicle crime","BT402JZ"
"367263","2017-04",-6.761375,54.515095,"LAMBFIELD MEADOWS","Violence and sexual offences","BT716GF"
"419254","2017-08",-6.37828,54.447249,"ENNISKEEN","Criminal damage and arson","BT654AE"
"129312","2015-10",-6.025223,54.560289,"LAURELBANK","Criminal damage and arson","BT170RX"
"19835","2015-02",-5.659548,54.655364,"PITCAIRN AVENUE","Shoplifting","BT204UJ"
"108610","2015-09",-6.670105,54.691486,"HIGH STREET","Anti-social behaviour","BT189SS"
"413061","2017-08",-5.650977,54.400966,"FREDERICK STREET","Anti-social behaviour","BT309QP"
"316222","2016-12",-6.269187,54.862413,"TROSTAN AVENUE","Shoplifting","BT437BL"
"8261","2015-01",-5.910685,54.58611,"RAVENHILL COURT","Shoplifting","BT68FS"
"439203","2017-10",-6.451988,54.079487,"FAIRVIEW PARK","Anti-social behaviour","BT387JG"
"201686","2016-04",-6.344831,54.887203,"SPENCE CRESCENT","Anti-social behaviour","BT421BR"
"244566","2016-07",-5.845327,54.63405,"STRATHEARN COURT","Anti-social behaviour","BT189NP"
"371219","2017-05",-5.93543,54.595116,"GLENGALL STREET","Anti-social behaviour","BT125AD"
"372785","2017-05",-7.320455,54.991871,"CARLISLE ROAD","Anti-social behaviour","BT486JW"
"22278","2015-02",-6.948962,55.047482,"IRISH GREEN STREET","Violence and sexual offences","BT499AR"
"356553","2017-04",-5.703743,54.586178,"ARDMILLAN CRESCENT","Anti-social behaviour","BT234PL"
"469204","2017-12",-5.90397,54.595752,"CLUAN PLACE","Anti-social behaviour","BT54LY"
"15916","2015-02",-7.365526,54.493544,"KILLYLISS ROAD","Burglary","BT750RG"
"373658","2017-05",-5.896505,54.401802,"WINDMILL STREET","Anti-social behaviour","BT248HB"
"416808","2017-08",-6.218818,54.716732,"MENIN ROAD","Anti-social behaviour","BT414JB"
"240380","2016-07",-5.955181,54.564435,"BALMORAL AVENUE","Anti-social behaviour","BT435ED"
"468574","2017-12",-6.045871,54.513229,"BACHELORS WALK","Anti-social behaviour","BT281XN"
"181215","2016-02",-5.979075,54.56401,"UPPER LISBURN ROAD","Other theft","BT100AA"
"187379","2016-03",-5.966019,54.612867,"TWADDELL AVENUE","Anti-social behaviour","BT133LG"
"166293","2016-01",-6.657007,54.345483,"IRISH STREET","Anti-social behaviour","BT309QS"
"14422","2015-02",-5.947036,54.590812,"ROOSEVELT SQUARE","Anti-social behaviour","BT125RW"
"425986","2017-09",-5.94628,54.610117,"SHANNON COURT","Anti-social behaviour","BT146DN"
"194025","2016-03",-6.0281,54.548413,"ACACIA AVENUE","Drugs","BT170DT"
"243688","2016-07",-5.954811,54.596209,"MCQUILLAN STREET","Anti-social behaviour","BT132RD"
"287568","2016-10",-5.928017,54.615861,"MOUNTCOLLYER AVENUE","Anti-social behaviour","BT153DR"
"389707","2017-06",-5.930421,54.609362,"VICTORIA PARADE","Anti-social behaviour","BT152EQ"
"3928","2015-01",-6.267073,54.344016,"BELMONT VIEW","Anti-social behaviour",NA
"361447","2017-04",-5.662577,54.648755,"LISMORE AVENUE","Anti-social behaviour","BT204XD"
"213366","2016-05",-7.279915,54.999632,"WINCHESTER PARK","Anti-social behaviour","BT476XZ"
"361029","2017-04",-5.90969,54.689107,"GREYABBEY GARDENS","Anti-social behaviour","BT370JE"
"316437","2016-12",-6.270978,54.347702,"THE CUT","Theft from the person","BT324EW"
"123710","2015-10",-5.945826,54.596084,"MARCHIONESS GREEN","Anti-social behaviour","BT124LQ"
"175493","2016-02",-5.929328,54.598579,"CASTLE LANE","Anti-social behaviour","BT235EB"
"304538","2016-11",-7.631595,54.471274,"BROWNHILL MEADOWS","Shoplifting","BT941DW"
"89873","2015-07",-6.02431,54.503067,"BERKELEY HALL GREEN","Vehicle crime","BT275SA"
"419386","2017-08",-6.340811,54.182059,"BARRACK STREET","Criminal damage and arson","BT714LS"
"393279","2017-06",-5.943769,54.667865,"TOBAR-GLEN CRESCENT","Possession of weapons","BT366UQ"
"172438","2016-01",-5.928819,54.600385,"ROSEMARY STREET","Violence and sexual offences","BT11QB"
"254747","2016-08",-6.334844,54.464133,"CHURCH PLACE","Anti-social behaviour","BT666EY"
"344286","2017-03",-5.939386,54.589101,"TIERNEY GARDENS","Anti-social behaviour","BT125NF"
"76725","2015-06",-7.629374,54.338213,"CREST ROAD","Violence and sexual offences","BT746JJ"
"418508","2017-08",-5.901698,54.684404,"LYNDA MEADOWS","Criminal damage and arson","BT370AT"
"229958","2016-06",-6.677042,55.128122,"KYLES BRAE","Anti-social behaviour","BT513BX"
"113191","2015-09",-7.180791,55.022162,"DELLWOOD","Anti-social behaviour","BT473XE"
"278545","2016-09",-5.937646,54.597813,"KILLEN STREET","Vehicle crime",NA
"85678","2015-07",-7.089307,55.036801,"CLOONEY ROAD","Criminal damage and arson","BT476TB"
"443310","2017-10",-6.040452,54.54157,"MILLTOWN AVENUE","Anti-social behaviour","BT283TR"
"462851","2017-11",-6.305215,54.316651,"SCARVA STREET","Violence and sexual offences","BT323NH"
"222372","2016-05",-5.670828,54.644026,"BALLOO LINK","Shoplifting","BT197HJ"
"157103","2015-12",-6.500783,55.071973,"GREENVILLE AVENUE","Other theft","BT537BJ"
"427828","2017-09",-6.381363,54.447237,"ENNISKEEN","Anti-social behaviour","BT654AE"
"121262","2015-09",-6.690922,54.446793,"THE SQUARE","Violence and sexual offences","BT714LN"
"382683","2017-05",-6.314896,54.457505,"WHEATFIELD DRIVE","Violence and sexual offences","BT147JW"
"141716","2015-11",-6.415279,54.354221,"CHURCH STREET","Burglary","BT536DL"
"276271","2016-09",-6.214358,54.713684,"FOUNTAIN STREET","Drugs","BT828JF"
"99492","2015-08",-6.005196,54.554399,"THE GREEN","Burglary","BT635LH"
"130343","2015-10",-6.943048,55.040343,"GLENMILL PARK","Criminal damage and arson","BT490RS"
"78979","2015-06",-5.932499,54.598004,"COLLEGE STREET","Other crime","BT619BT"
"157575","2015-12",-7.630614,54.340481,"DERRYCHARA ROAD","Other theft","BT746JF"
"233311","2016-06",-6.635993,54.344322,"ORANGEFIELD DRIVE","Criminal damage and arson","BT601DT"
"274166","2016-09",-5.929051,54.602213,"TALBOT STREET","Burglary","BT234EQ"
"443351","2017-10",-6.52567,54.871836,"MILL PARK","Anti-social behaviour","BT448LJ"
"103005","2015-08",-5.921768,54.63881,"SHORE CRESCENT","Other theft","BT154JR"
"409952","2017-07",-6.405154,54.431318,"OLD LURGAN ROAD","Violence and sexual offences","BT635SQ"
"305258","2016-11",-7.307392,55.031878,"CORNSHELL FIELDS","Violence and sexual offences","BT487UN"
"122245","2015-10",-6.004472,54.561934,"GARNOCK HILL","Anti-social behaviour","BT100AW"
"383806","2017-05",-7.348897,55.022253,"CORRIB COURT","Violence and sexual offences","BT480PB"
"431582","2017-09",-6.032054,54.584713,"UPPER SPRINGFIELD ROAD","Burglary","BT127QX"
"133437","2015-10",-5.896336,54.588953,"CASTLEREAGH ROAD","Shoplifting","BT55FF"
"236787","2016-06",-6.221959,54.306485,"BALLYNAFOY ROAD","Vehicle crime","BT325DN"
"60586","2015-05",-5.930446,54.599424,"ROYAL AVENUE","Shoplifting","BT11DD"
"124102","2015-10",-6.006181,54.743042,"MILL ROAD","Anti-social behaviour","BT557SE"
"461129","2017-11",-5.927533,54.599788,"HIGH STREET","Possession of weapons","BT189SS"
"222261","2016-05",-5.931754,54.598036,"FOUNTAIN STREET","Shoplifting","BT828JF"
"398884","2017-07",-6.507028,55.078733,"CASTLEHILL GARDENS","Anti-social behaviour","BT536TN"
"277136","2016-09",-5.956794,54.595218,"CAVENDISH SQUARE","Other theft","BT127AA"
"414240","2017-08",-5.940006,54.61603,"BROOKHILL AVENUE","Anti-social behaviour","BT146BS"
"452596","2017-10",-7.320282,54.497988,"ASHFIELD GARDENS","Violence and sexual offences","BT153FW"
"149907","2015-12",-6.453205,54.420641,"ATKINSON AVENUE","Anti-social behaviour","BT623HY"
"407811","2017-07",-6.770452,54.502826,"LITTLE SCOTCH STREET","Shoplifting","BT701AP"
"455294","2017-11",-6.204425,54.539785,"NORTH STREET","Anti-social behaviour","BT546BN"
"393346","2017-06",-7.353447,55.014435,"INCH VIEW","Possession of weapons","BT480QS"
"184242","2016-02",-5.959099,54.591519,"IRWELL COURT","Violence and sexual offences","BT126EZ"
"357843","2017-04",-6.04846,54.512372,"MCKEOWN STREET","Anti-social behaviour","BT281BD"
"399596","2017-07",-5.707892,54.595772,"FREDERICK PLACE","Anti-social behaviour","BT234AW"
"58036","2015-05",-5.885086,54.595873,"CRYSTAL STREET","Criminal damage and arson","BT55BS"
"191682","2016-03",-5.961024,54.622047,"CLIFTONDENE CRESCENT","Burglary","BT147PE"
"414597","2017-08",-5.920466,54.548982,"BEECHWOOD GROVE","Anti-social behaviour","BT87UR"
"300712","2016-11",-5.932438,54.578434,"STRANMILLIS STREET","Burglary","BT95FE"
"425436","2017-08",-5.716718,54.3293,"BRIDGE STREET","Violence and sexual offences","BT440RP"
"347641","2017-03",-5.838795,54.63396,"PRIORY END","Anti-social behaviour","BT189PU"
"188184","2016-03",-6.3359,54.468496,"VICTORIA STREET","Anti-social behaviour","BT536DW"
"62891","2015-05",-5.691616,54.652835,"MANOR AVENUE","Violence and sexual offences","BT456QG"
"157579","2015-12",-5.927783,54.597923,"ARTHUR PLACE","Other theft","BT14HG"
"313668","2016-12",-5.747636,54.553074,"ENLER GARDENS","Criminal damage and arson","BT235DS"
"399307","2017-07",-6.331924,54.46501,"WELLINGTON STREET","Anti-social behaviour","BT436AH"
"80818","2015-07",-5.705102,54.59146,"SPELGA PLACE","Anti-social behaviour","BT234ND"
"70056","2015-06",-6.235494,54.340593,"LISNAREE ROAD","Burglary","BT324JS"
"284494","2016-10",-7.338322,55.002685,"OSBORNE STREET","Anti-social behaviour","BT480HR"
"329874","2017-01",-5.903387,54.58753,"CARLINGFORD STREET","Violence and sexual offences","BT68NE"
"19050","2015-02",-6.014442,54.539088,"GLENWOOD PARK","Other theft","BT667GP"
"245777","2016-07",-6.949222,55.053071,"MAIN STREET","Anti-social behaviour","BT536AN"
"64664","2015-06",-5.948278,54.61379,"OLDPARK ROAD","Anti-social behaviour","BT146QR"
"76681","2015-06",-5.938465,54.689941,"FAIRVIEW ROAD","Violence and sexual offences","BT366PZ"
"75019","2015-06",-6.333884,54.183644,"DOWNSHIRE COURT","Shoplifting","BT341DA"
"308967","2016-12",-6.673078,54.35071,"CALLAN BRIDGE PARK","Anti-social behaviour","BT604BT"
"227287","2016-06",-5.843762,54.588988,"KINGS ROAD","Anti-social behaviour","BT389PT"
"79","2015-01",-6.660878,55.137494,"ARTILLERY ROAD","Anti-social behaviour","BT521QL"
"291709","2016-10",-6.352811,54.481801,"TURMOYRA COURT","Other theft","BT666SD"
"395786","2017-06",-5.963162,54.594121,"ARDNACLOWNEY DRIVE","Violence and sexual offences","BT127NP"
"12053","2015-02",-5.905309,54.563645,"GLENCREGAGH ROAD","Anti-social behaviour","BT86FZ"
"285149","2016-10",-6.005932,54.064632,"CHURCH MEADOW","Anti-social behaviour","BT344YE"
"136511","2015-10",-6.347232,54.178904,"CLANRYE AVENUE","Violence and sexual offences","BT356EH"
"385178","2017-06",-6.645496,55.133767,"QUEENS COURT","Anti-social behaviour","BT487AW"
"70186","2015-06",-5.513702,54.390515,"BALLYRUSLEY ROAD","Burglary","BT221JR"
"212095","2016-04",-6.022969,54.528275,"TULLYNACROSS ROAD","Violence and sexual offences","BT356RD"
"440293","2017-10",-6.700969,54.249518,"FAIRGREEN PARK","Anti-social behaviour","BT603UH"
"214153","2016-05",-5.685913,54.598319,"BANGOR ROAD","Anti-social behaviour","BT180ES"
"162214","2015-12",-6.341859,54.178444,"MAGINNIS STREET","Violence and sexual offences","BT356AR"
"99182","2015-08",-6.870996,54.394545,"MINTERBURN ROAD","Burglary","BT684XH"
"128893","2015-10",-5.905979,54.566558,"KNOCKBREDA PARK","Burglary","BT60HB"
"237156","2016-06",-7.467399,54.830626,"PARK ROAD","Violence and sexual offences","BT72FW"
"164205","2016-01",-6.267384,54.351244,"CASTLEWELLAN ROAD","Anti-social behaviour","BT252LD"
"392502","2017-06",-6.280569,55.074434,"SHELTON ROAD","Other theft","BT538YQ"
"48211","2015-04",-5.925203,54.602102,"VICTORIA STREET","Violence and sexual offences","BT536DW"
"282647","2016-10",-6.651847,54.350439,"THE MALL EAST","Anti-social behaviour","BT619DL"
"314311","2016-12",-7.323437,55.017066,"BUNCRANA ROAD","Drugs","BT488AB"
"274057","2016-09",-5.861018,54.598621,"KNOCKLOFTY COURT","Burglary","BT43NF"
"405334","2017-07",-5.983531,54.599647,"SPRINGFIELD HEIGHTS","Criminal damage and arson","BT133QZ"
"22263","2015-02",-5.959041,54.589901,"BROADWAY","Violence and sexual offences","BT126HY"
"144088","2015-11",-7.442872,54.252869,"MAIN STREET","Drugs","BT536AN"
"442139","2017-10",-7.161276,54.41743,"MCCREA PARK","Anti-social behaviour","BT760AE"
"234226","2016-06",-5.859753,54.763241,"CAIRN ROAD","Criminal damage and arson","BT389AP"
"5074","2015-01",-6.607306,54.748645,"LECKAGH DRIVE","Criminal damage and arson","BT456JT"
"78746","2015-06",-7.322421,55.003137,"STRAND ROAD","Violence and sexual offences",NA
"44628","2015-04",-6.328364,54.477413,"NORTH CIRCULAR ROAD","Drugs","BT146TN"
"110536","2015-09",-5.863614,54.577426,"LOWER BRANIEL ROAD","Anti-social behaviour","BT57PA"
"141902","2015-11",-5.705349,54.587889,"RAVARA CLOSE","Burglary","BT234QB"
"221882","2016-05",-5.875761,54.594568,"NORTH ROAD","Other theft","BT387QZ"
"342047","2017-02",-6.627293,54.336389,"ARDMORE CLOSE","Violence and sexual offences","BT601JH"
"395803","2017-06",-5.90613,54.595286,"ALBERTBRIDGE ROAD","Violence and sexual offences","BT54PY"
"390251","2017-06",-6.257283,54.946594,"DRUMAGROVE ROAD","Burglary","BT449RZ"
"60292","2015-05",-5.928592,54.599366,"CORN MARKET","Shoplifting","BT358BG"
"414043","2017-08",-5.942765,54.627317,"VICTORIA GARDENS","Anti-social behaviour","BT387JN"
"145248","2015-11",-5.922319,54.584882,"RUTLAND STREET","Other theft","BT72FJ"
"117506","2015-09",-6.178567,54.704148,"BELFAST ROAD","Other theft","BT203GS"
"124818","2015-10",-5.921112,54.587629,"SHAFTESBURY AVENUE","Anti-social behaviour","BT72ES"
"421053","2017-08",-6.009135,54.568399,"STEWARTSTOWN ROAD","Other theft","BT714PF"
"419082","2017-08",-7.290349,54.9742,"TULLYALLY ROAD","Criminal damage and arson","BT473QR"
"85357","2015-07",-6.307036,54.380423,"CHURCH VIEW CLOSE","Criminal damage and arson","BT636DG"
"24863","2015-03",-5.744079,54.549746,"GILLESPIE COURT","Anti-social behaviour","BT235GL"
"404264","2017-07",-6.650678,55.187885,"MAGHERAMENAGH GARDENS","Burglary","BT568SU"
"158979","2015-12",-6.665577,54.849584,"CLONEEN MANOR","Vehicle crime","BT465FQ"
"163060","2016-01",-5.930334,54.599189,"CASTLE STREET","Anti-social behaviour","BT210DN"
"127785","2015-10",-6.40621,54.43348,"LISNISKY LANE","Anti-social behaviour","BT635RB"
"35928","2015-03",-6.061781,54.507609,"DUNDROD WALK","Violence and sexual offences","BT281PU"
"394851","2017-06",-5.636636,54.667211,"DUFFERIN TERRACE","Violence and sexual offences","BT205PQ"
"119623","2015-09",-7.349812,55.016922,"DRUMARD PARK","Violence and sexual offences","BT480RL"
"221095","2016-05",-5.972367,54.676937,"ANTRIM ROAD","Other theft","BT390AH"
"327205","2017-01",-6.25409,55.200171,"CASTLE STREET","Other theft","BT210DN"
"254867","2016-08",-5.958078,54.597405,"SPRINGFIELD ROAD","Anti-social behaviour","BT205BZ"
"408455","2017-07",-6.011698,54.544973,"LAUREL WAY","Vehicle crime","BT179PR"
"97880","2015-08",-6.048497,54.510639,"MARKET PLACE","Anti-social behaviour","BT387AW"
"60950","2015-05",-6.969796,54.956249,"GORTNAHEY ROAD","Vehicle crime","BT474PZ"
"248230","2016-07",-5.946236,54.617753,"CHESTNUT GARDENS","Criminal damage and arson","BT146LN"
"217229","2016-05",-6.337594,54.176318,"MARGARET STREET","Anti-social behaviour","BT472BH"
"36167","2015-03",-5.670226,54.588727,"BURNREAGH COURT","Violence and sexual offences","BT238UE"
"462099","2017-11",-6.219326,54.732759,"BARRA STREET","Vehicle crime","BT412TJ"
"170772","2016-01",-5.856241,54.62002,"GLENDARRAGH MEWS","Shoplifting","BT42WE"
"324447","2017-01",-6.35337,54.852075,"GALGORM ROAD","Burglary","BT421AA"
"109942","2015-09",-6.650306,54.347735,"THE MALL WEST","Anti-social behaviour","BT619AL"
"89748","2015-07",-7.312026,54.993278,"BONDS HILL","Vehicle crime","BT476DW"
"168094","2016-01",-7.299366,54.995353,"LINCOLN COURT","Criminal damage and arson","BT475NY"
"55650","2015-05",-5.900993,54.407397,"LANGLEY ROAD","Anti-social behaviour","BT248BZ"
"174857","2016-02",-5.921608,54.576972,"HAYWOOD AVENUE","Anti-social behaviour","BT73EU"
"276964","2016-09",-6.663262,55.149225,"ELMS PARK","Other theft","BT522QF"
"272918","2016-09",-5.93075,54.60014,"BERRY STREET","Anti-social behaviour","BT11FJ"
"310589","2016-12",-7.617188,54.330979,"BLACKSTICK ROAD","Anti-social behaviour",NA
"511","2015-01",-7.330341,54.617056,"BELTANY ROAD","Anti-social behaviour","BT785NA"
"324224","2017-01",-7.445047,54.254263,"MAIN STREET","Burglary","BT536AN"
"309299","2016-12",-5.680335,54.626993,"TOWER PARK","Anti-social behaviour","BT237PL"
"473362","2017-12",-6.513033,54.440502,"MOY ROAD","Other theft","BT618DR"
"88158","2015-07",NA,NA,"NO LOCATION","Other theft",NA
"101394","2015-08",-5.478383,54.487749,"VICTORIA ROAD","Criminal damage and arson","BT820EB"
"313655","2016-12",-5.935054,54.598569,"KING STREET","Criminal damage and arson","BT16BF"
"41879","2015-04",-6.320283,54.44873,"SANDHILL PARK","Anti-social behaviour","BT667AX"
"313945","2016-12",-7.408942,54.647047,"DRUMLEGAGH ROAD SOUTH","Criminal damage and arson","BT785PJ"
"178242","2016-02",-5.921134,54.69128,"TWINBURN ROAD","Anti-social behaviour","BT370EL"
"50125","2015-04",-6.071235,54.517338,"DRUMARD DRIVE","Violence and sexual offences","BT513EU"
"142723","2015-11",-7.344906,54.996586,"FANAD DRIVE","Criminal damage and arson","BT489QE"
"392967","2017-06",-5.897282,54.107728,"MAIN STREET","Other theft","BT536AN"
"132278","2015-10",-5.940605,54.600811,"FINGALS COURT","Other theft","BT132DP"
"297326","2016-11",-6.326307,54.161894,"MAPLE GROVE","Anti-social behaviour","BT252BQ"
"41052","2015-04",-6.330932,54.167565,"O'NEILL AVENUE","Anti-social behaviour","BT342DU"
"90917","2015-07",-6.379964,54.447919,"ENNISKEEN","Violence and sexual offences","BT654AE"
"367416","2017-04",-5.931955,54.603844,"UNION STREET","Violence and sexual offences","BT521QA"
"451931","2017-10",-6.062006,54.521755,"BALLYMACASH ROAD","Violence and sexual offences","BT283DR"
"146859","2015-11",-5.685096,54.648685,"MARQUIS RISE","Violence and sexual offences","BT203HJ"
"136190","2015-10",-6.192086,54.69321,"ABBEY GARDENS","Violence and sexual offences","BT222DJ"
"187935","2016-03",-5.948579,54.615196,"BALLYCARRY STREET","Anti-social behaviour","BT146HD"
"291642","2016-10",-5.914643,54.569808,"ST. JOHNS AVENUE","Other theft",NA
"39453","2015-04",-6.006369,54.063166,"MOUNTAIN ROAD","Anti-social behaviour","BT344AZ"
"274633","2016-09",-6.663686,55.133707,"RAILWAY PLACE","Criminal damage and arson","BT521PQ"
"400513","2017-07",-5.653617,54.666041,"SEACLIFF ROAD","Anti-social behaviour","BT205HA"
"307101","2016-11",-5.831689,54.642908,"PRIORY PARK","Violence and sexual offences","BT100AE"
"271008","2016-09",-7.458872,54.261216,"LISNAGOLE ROAD","Anti-social behaviour","BT920QE"
"288721","2016-10",-5.711151,54.316048,"GLEBETOWN DRIVE","Criminal damage and arson","BT306QB"
"121599","2015-09",-5.950646,54.596857,"LEESON STREET","Violence and sexual offences","BT124LF"
"313724","2016-12",-5.93528,54.58585,"UNIVERSITY SQUARE MEWS","Criminal damage and arson","BT71JU"
"371114","2017-05",-7.341248,55.019571,"BRANCH ROAD","Anti-social behaviour","BT480SP"
"258738","2016-08",-6.522473,55.059464,"BANN ROAD","Anti-social behaviour","BT448SZ"
"31672","2015-03",-5.915863,54.59195,"RAVENHILL REACH COURT","Other theft","BT68RD"
"296173","2016-10",-7.645243,54.305633,"DERRYLIN ROAD","Other crime","BT922BA"
"80911","2015-07",-7.32743,55.001701,"CLARENDON MANOR","Anti-social behaviour","BT487TH"
"171920","2016-01",-6.784235,54.789312,"CAHORE HEIGHTS","Violence and sexual offences","BT457LG"
"432065","2017-09",-5.896062,54.434501,"BELFAST ROAD","Criminal damage and arson","BT203GS"
"361262","2017-04",-5.92705,54.630005,"LANSDOWNE ROAD","Anti-social behaviour","BT154DB"
"470996","2017-12",-5.537567,54.642512,"HIGH STREET","Criminal damage and arson","BT189SS"
"232332","2016-06",-6.73477,54.637324,"LOMOND","Burglary","BT808XW"
"331879","2017-02",-6.285974,54.865418,"BALMORAL AVENUE","Anti-social behaviour","BT435ED"
"291228","2016-10",-5.950106,54.082177,"SCHOOL ROAD","Other theft","BT344PQ"
"292477","2016-10",-6.058471,54.509685,"TONAGH MEWS","Shoplifting","BT281DZ"
"363521","2017-04",-6.37237,54.186228,"MONINNA PARK","Criminal damage and arson","BT358PP"
"192733","2016-03",-6.31432,54.749705,"STATION ROAD","Criminal damage and arson","BT557HH"
"429717","2017-09",-5.953537,54.604328,"SHANKILL ROAD","Anti-social behaviour","BT131FT"
"152303","2015-12",-6.204568,54.71751,"KILGREEL ROAD","Anti-social behaviour","BT411EU"
"423824","2017-08",-6.332398,54.183659,"WINDSOR AVENUE","Violence and sexual offences","BT234QG"
"137458","2015-10",-5.988828,54.592655,"NORGLEN PARADE","Other crime","BT118DN"
"321622","2017-01",-5.533268,54.487508,"MAIN STREET","Anti-social behaviour","BT536AN"
"448789","2017-10",-5.943826,54.596481,"GROVE TREE SOUTH","Possession of weapons","BT124SW"
"15719","2015-02",-6.494065,55.068261,"BALLYMENA ROAD","Burglary","BT390QR"
"402977","2017-07",-6.345133,54.458345,"CARRICKVALE AVENUE","Anti-social behaviour","BT668NW"
"76739","2015-06",-6.005624,54.062129,"HARBOUR ROAD","Violence and sexual offences","BT344AU"
"105679","2015-08",-5.702023,54.32318,"DEMESNE ROAD","Violence and sexual offences","BT189EY"
"254408","2016-08",-5.664241,54.640018,"BALLOO DRIVE","Anti-social behaviour","BT197QY"
"276553","2016-09",-5.990915,54.676213,"BLACKWATER BUSINESS PARK","Other theft",NA
"367644","2017-04",-5.901225,54.597987,"MAJOR STREET","Violence and sexual offences","BT54HL"
"287065","2016-10",-6.83708,54.506531,"MAIN STREET","Anti-social behaviour","BT536AN"
"124602","2015-10",-5.54133,54.643559,"MOAT STREET","Anti-social behaviour","BT486SS"
"275337","2016-09",-5.93895,54.598042,"GALWAY STREET","Criminal damage and arson","BT124AF"
"331403","2017-02",-6.258292,54.419604,"BAIRD AVENUE","Anti-social behaviour","BT387XH"
"117932","2015-09",-6.949222,55.053071,"MAIN STREET","Shoplifting","BT536AN"
"177995","2016-02",-6.326718,54.472386,"LEVIN ROAD","Anti-social behaviour","BT679EU"
"37816","2015-04",-6.40621,54.43348,"LISNISKY LANE","Anti-social behaviour","BT635RB"
"219708","2016-05",-6.165055,54.234157,"SPELGA DRIVE","Criminal damage and arson","BT345QN"
"63817","2015-05",-5.973774,54.606959,"WEST CIRCULAR ROAD","Violence and sexual offences","BT133QD"
"245101","2016-07",-5.921378,54.640385,"SHORE CRESCENT","Anti-social behaviour","BT154JR"
"473564","2017-12",-5.933066,54.591086,"DUBLIN ROAD","Possession of weapons","BT781HQ"
"225891","2016-05",-6.234161,54.475929,"WARINGFIELD PARK","Violence and sexual offences","BT670FD"
"459073","2017-11",-6.749205,54.652459,"EDINBURGH DRIVE","Criminal damage and arson","BT808EY"
"465284","2017-12",-5.669765,54.661519,"CENTRAL STREET","Anti-social behaviour","BT203AG"
"152184","2015-12",-5.993915,54.99448,"GORTIN PARK","Anti-social behaviour","BT440EQ"
"318473","2016-12",-5.935396,54.589374,"DONEGALL ROAD","Violence and sexual offences","BT126DY"
"474118","2017-12",-6.670388,55.128804,"NEW ROW","Shoplifting","BT521AE"
"452755","2017-10",-5.904703,54.596546,"CLANDEBOYE DRIVE","Violence and sexual offences","BT191AH"
"463381","2017-11",-5.987462,54.579245,"GLENHILL PARK","Violence and sexual offences","BT358BU"
"31117","2015-03",-7.321576,54.997635,"WILLIAM STREET","Other theft","BT210HL"
"271504","2016-09",-5.927733,54.597383,"CHICHESTER STREET","Anti-social behaviour","BT14JQ"
"230115","2016-06",-7.297527,54.61245,"LISANELLY HEIGHTS","Anti-social behaviour","BT797AR"
"320706","2017-01",-5.911175,54.626381,"DARGAN CRESCENT","Anti-social behaviour","BT39JB"
"354532","2017-03",-6.318243,54.748726,"THE PARADE","Violence and sexual offences","BT413AA"
"229472","2016-06",-5.992251,54.1183,"HEAD ROAD","Anti-social behaviour","BT344XH"
"436904","2017-09",-5.907003,54.687083,"ARDS DRIVE","Violence and sexual offences","BT370JW"
"104723","2015-08",-6.388391,54.077959,"GRANTS ROAD","Violence and sexual offences","BT358JG"
"324282","2017-01",-5.902839,54.583135,"EARL HAIG PARK","Burglary","BT68NR"
"215817","2016-05",-5.92559,54.585657,"DUDLEY STREET","Anti-social behaviour","BT71GW"
"269911","2016-09",-5.931399,54.62335,"SKEGONEILL DRIVE","Anti-social behaviour","BT153FY"
"448590","2017-10",-5.99491,54.750808,"BALLYNURE ROAD","Other theft","BT399AQ"
"392825","2017-06",-5.922319,54.584882,"RUTLAND STREET","Other theft","BT72FJ"
"300216","2016-11",-5.94028,54.582125,"WELLINGTON PARK TERRACE","Anti-social behaviour","BT96DR"
"426506","2017-09",-5.929112,54.662854,"RATHMORE WAY","Anti-social behaviour","BT379DS"
"6061","2015-01",-6.257302,55.198905,"BROOMBEG VIEW","Criminal damage and arson","BT546BQ"
"249578","2016-07",-5.483891,54.542023,"HARBOUR ROAD","Other theft","BT344AU"
"283784","2016-10",-7.463257,54.827365,"RAILWAY STREET","Anti-social behaviour","BT235HQ"
"350146","2017-03",-5.88865,54.593078,"BEERSBRIDGE ROAD","Criminal damage and arson","BT55EG"
"155170","2015-12",-6.04846,54.512372,"MCKEOWN STREET","Criminal damage and arson","BT281BD"
"236969","2016-06",-5.669486,54.64799,"BRAESIDE CLOSE","Violence and sexual offences","BT204EQ"
"224092","2016-05",-5.893993,54.600772,"SEVERN STREET","Violence and sexual offences","BT41FB"
"381311","2017-05",-5.938179,54.617275,"OCEANIC AVENUE","Violence and sexual offences","BT152HS"
"187356","2016-03",-7.170267,55.038161,"AIRFIELD ROAD","Anti-social behaviour","BT413SG"
"276153","2016-09",-6.19352,54.717463,"RATHKYLE","Drugs","BT411LN"
"128815","2015-10",-6.278575,54.861774,"QUEEN STREET","Burglary","BT487EF"
"473411","2017-12",-5.928221,54.608794,"EARL CLOSE","Other theft","BT151DF"
"334353","2017-02",-5.891737,54.598019,"CONNSWATER STREET","Anti-social behaviour","BT41HT"
"208488","2016-04",-7.288119,54.98193,"ASHGROVE PARK","Possession of weapons","BT146NE"
"32738","2015-03",-5.930446,54.599424,"ROYAL AVENUE","Shoplifting","BT11DD"
"54228","2015-05",-5.96857,54.610134,"RUTHERGLEN STREET","Anti-social behaviour","BT133LR"
"81100","2015-07",-5.970622,54.567031,"UPPER LISBURN ROAD","Anti-social behaviour","BT100AA"
"260129","2016-08",-7.383819,54.718508,"ORR PARK","Bicycle theft","BT784BH"
"232761","2016-06",-5.907908,54.571776,"FLUSH PARK","Criminal damage and arson","BT282FP"
"470283","2017-12",-6.268694,54.350832,"BRIDGE STREET","Burglary","BT440RP"
"413119","2017-08",-5.908586,54.59054,"RAVENHILL STREET","Anti-social behaviour","BT68EP"
"471665","2017-12",-6.674788,54.346812,"MULLACREEVIE PARK","Criminal damage and arson","BT604BA"
"235645","2016-06",-5.921529,54.575794,"SUNNYSIDE STREET","Other theft","BT73EX"
"227179","2016-06",-6.753711,54.503077,"KALENDRA COURT","Anti-social behaviour","BT716EB"
"416592","2017-08",-5.64344,54.253252,"PALATINE ROW","Anti-social behaviour","BT307QG"
"321034","2017-01",-6.632251,54.491576,"MULLENAKILL PARK","Anti-social behaviour","BT716PG"
"311748","2016-12",-5.931612,54.591385,"ASHBURNE PLACE","Anti-social behaviour","BT71SE"
"39681","2015-04",-5.79554,54.725099,"VICTORIA GARDENS","Anti-social behaviour","BT387JN"
"411570","2017-07",-6.266506,54.352022,"CHURCH SQUARE","Violence and sexual offences","BT345PT"
"61780","2015-05",-5.801894,54.59474,"UPPER NEWTOWNARDS ROAD","Violence and sexual offences","BT43LQ"
"48451","2015-04",-6.16282,54.234051,"STEWARTS CRESCENT","Violence and sexual offences","BT345QL"
"365316","2017-04",-5.930851,54.601812,"NORTH STREET","Other theft","BT546BN"
"96696","2015-08",-5.92559,54.585657,"DUDLEY STREET","Anti-social behaviour","BT71GW"
"95298","2015-08",-5.941305,54.614219,"CLIFTONPARK COURT","Anti-social behaviour","BT146DY"
"99917","2015-08",-6.421203,54.417118,"MAYESFIELD VILLAS","Burglary","BT635FJ"
"376297","2017-05",-5.986833,54.547149,"DUNMURRY LANE","Burglary","BT179JS"
"333072","2017-02",-5.812006,54.646238,"DALWHINNEY ROAD","Anti-social behaviour","BT180LU"
"128376","2015-10",-5.919964,54.5722,"HAYPARK GARDENS","Burglary","BT73FL"
"196151","2016-03",-5.695707,54.654764,"LYNDHURST CRESCENT","Shoplifting","BT133XF"
"415900","2017-08",-6.049774,54.510731,"CHAPEL HILL","Anti-social behaviour","BT281BW"
"143098","2015-11",-7.467745,54.824465,"O'NOLAN PARK","Criminal damage and arson","BT829EW"
"347197","2017-03",-6.663687,55.197478,"BLACKROCK ROAD","Anti-social behaviour","BT515XJ"
"14300","2015-02",-6.644893,54.83915,"GULLADUFF ROAD","Anti-social behaviour","BT458QB"
"285925","2016-10",-5.940689,54.624578,"VANCOUVER DRIVE","Anti-social behaviour","BT155BY"
"128827","2015-10",-5.929513,54.640353,"DOWNVIEW AVENUE","Burglary","BT154EZ"
"383757","2017-05",-5.650977,54.400966,"FREDERICK STREET","Violence and sexual offences","BT309QP"
"312219","2016-12",-6.67205,55.131625,"QUEEN STREET","Burglary","BT487EF"
"22089","2015-02",-6.610359,54.755642,"RAINEY STREET","Violence and sexual offences","BT455AQ"
"36437","2015-03",-7.376475,54.398772,"CLABBY ROAD","Other crime","BT750QY"
"252083","2016-07",-5.910829,54.225604,"MIDDLE TOLLYMORE ROAD","Violence and sexual offences","BT330JJ"
"449301","2017-10",-6.670365,54.843681,"MAIN STREET","Shoplifting","BT536AN"
"474156","2017-12",-7.630614,54.340481,"DERRYCHARA ROAD","Shoplifting","BT746JF"
"374522","2017-05",-6.271751,54.860006,"MOAT ROAD","Anti-social behaviour","BT424AA"
"30280","2015-03",-5.927283,54.612632,"GLENROSA LINK","Criminal damage and arson","BT152HJ"
"413904","2017-08",-5.930334,54.599189,"CASTLE STREET","Anti-social behaviour","BT210DN"
"447032","2017-10",-5.959295,54.617911,"ETNA DRIVE","Criminal damage and arson","BT147LH"
"295866","2016-10",-5.938098,54.591316,"BOYNE COURT","Violence and sexual offences","BT125BL"
"161558","2015-12",-6.673078,54.35071,"CALLAN BRIDGE PARK","Violence and sexual offences","BT604BT"
"318771","2016-12",-7.461571,54.827752,"NEWTOWN STREET","Violence and sexual offences","BT828DW"
"446434","2017-10",-7.476794,54.820121,"LISNAFIN PARK","Criminal damage and arson","BT829DW"
"413924","2017-08",-6.860921,54.607807,"BARDAHESSIAGH ROAD","Anti-social behaviour","BT702RJ"
"316747","2016-12",-5.867555,54.597901,"BELMONT PARK","Vehicle crime","BT43DU"
"290939","2016-10",-5.919718,54.579159,"ORMEAU ROAD","Other theft","BT73HY"
"22740","2015-02",-6.653933,55.199392,"METROPOLE ROUNDABOUT","Violence and sexual offences",NA
"98871","2015-08",-6.063084,54.50878,"MOIRA ROAD","Anti-social behaviour","BT294JS"
"425905","2017-09",-7.448567,54.826356,"MOUNT CARMEL HEIGHTS","Anti-social behaviour","BT828JP"
"472842","2017-12",-6.443575,54.42271,"HIGH STREET","Other theft","BT189SS"
"446198","2017-10",-6.647712,55.198497,"SKERRYMOR PLACE","Criminal damage and arson","BT568JS"
"204192","2016-04",-6.781801,54.508439,"ANNAGOLE","Anti-social behaviour","BT701UA"
"472400","2017-12",-6.6721,54.753846,"DURNASCALLON LANE","Drugs","BT455LZ"
"56121","2015-05",-5.992311,54.559585,"ORMONDE PARK","Burglary","BT100LT"
"448229","2017-10",-5.93432,54.579454,"STRANMILLIS PARK","Other theft","BT95AU"
"355667","2017-03",-6.399676,54.197151,"BROOKVILLE CRESCENT","Violence and sexual offences","BT357BD"
"389546","2017-06",-5.976269,54.609391,"WESTWAY DRIVE","Anti-social behaviour","BT133NQ"
"178405","2016-02",-6.326732,54.469017,"ANTRIM ROAD","Bicycle theft","BT390AH"
"385212","2017-06",-5.534443,54.627568,"BALLYVESTER ROAD","Anti-social behaviour","BT210LL"
"357959","2017-04",-5.931955,54.603844,"UNION STREET","Anti-social behaviour","BT521QA"
"299336","2016-11",-5.98616,54.557039,"ORPEN AVENUE","Anti-social behaviour","BT100BS"
"371675","2017-05",-5.940621,54.627452,"CHICHESTER PARK SOUTH","Anti-social behaviour","BT155DW"
"226624","2016-06",-7.598928,54.708686,"DERG VIEW","Anti-social behaviour","BT817EA"
"438230","2017-09",-5.966717,54.626806,"BALLYSILLAN ROAD","Violence and sexual offences","BT147QT"
"199606","2016-03",-6.223156,54.623214,"HARTSWOOD","Violence and sexual offences","BT294FY"
"147222","2015-11",-5.927533,54.599788,"HIGH STREET","Violence and sexual offences","BT189SS"
"179873","2016-02",-6.931622,55.04354,"EDENMORE PARK","Criminal damage and arson","BT490RG"
"36395","2015-03",-5.805656,54.730377,"DUNLUSKIN GARDENS","Violence and sexual offences","BT387JD"
"90283","2015-07",-5.941716,54.600875,"FINN SQUARE","Violence and sexual offences","BT132HU"
"341969","2017-02",-5.993975,54.580485,"COOLNASILLA PARK EAST","Violence and sexual offences","BT118LB"
